1,com
2,net
3,org
4,googleapis.com
5,io
6,s3.amazonaws.com
7,tv
8,co
9,elb.amazonaws.com
10,de
11,uk
12,appspot.com
13,ru
14,co.uk
15,us
16,br
17,jp
18,com.br
19,me
20,info
21,cn
22,fi
23,it
24,gov
25,ly
26,map.fastly.net
27,fr
28,mobi
29,ca
30,tumblr.com
31,ms
32,to
33,cloudapp.net
34,us-east-1.amazonaws.com
35,in
36,pl
37,eu
38,fastlylb.net
39,map.fastlylb.net
40,global.ssl.fastly.net
41,blogspot.com
42,edu
43,tr
44,com.tr
45,au
46,news
47,biz
48,es
49,com.au
50,azurewebsites.net
51,elasticbeanstalk.com
52,nl
53,gl
54,link
55,be
56,mx
57,kr
58,s3-us-west-2.amazonaws.com
59,ad
60,ch
61,vn
62,co.kr
63,cc
64,cz
65,se
66,xyz
67,co.jp
68,club
69,s3-eu-west-1.amazonaws.com
70,ar
71,arpa
72,com.mx
73,co.in
74,com.cn
75,com.ar
76,st
77,herokuapp.com
78,nz
79,asia
80,bid
81,co.nz
82,im
83,am
84,ws
85,com.vn
86,gov.br
87,tw
88,tech
89,co.za
90,tk
91,online
92,rsc.cdn77.org
93,dyndns.org
94,at
95,dk
96,pt
97,gg
98,sg
99,media
100,pw
101,com.tw
102,fm
103,ua
104,hk
105,ir
106,ie
107,my
108,githubusercontent.com
109,global.prod.fastly.net
110,pro
111,gr
112,no
113,th
114,site
115,name
116,top
117,exchange
118,id
119,github.io
120,co.th
121,ro
122,cl
123,la
124,hu
125,lt
126,is
127,com.hk
128,com.co
129,pe
130,com.sg
131,ai
132,eg
133,org.uk
134,co.id
135,com.eg
136,li
137,cm
138,video
139,ag
140,ph
141,jobs
142,com.my
143,a.ssl.fastly.net
144,su
145,vc
146,ec
147,il
148,org.br
149,googlecode.com
150,s3-website-us-east-1.amazonaws.com
151,s3-us-west-1.amazonaws.com
152,co.il
153,bz
154,al
155,sk
156,website
157,dz
158,ne.jp
159,re
160,report
161,gov.tr
162,digital
163,ac.uk
164,com.ua
165,click
166,space
167,ae
168,net.br
169,s3.eu-central-1.amazonaws.com
170,men
171,net.uk
172,com.pe
173,ve
174,pn
175,gt
176,lu
177,a.prod.fastly.net
178,uy
179,gov.uk
180,watch
181,md
182,com.ec
183,nu
184,com.ph
185,email
186,blogspot.com.br
187,mil
188,do
189,s3-sa-east-1.amazonaws.com
190,pk
191,sh
192,tt
193,ddns.net
194,today
195,rs
196,gdn
197,org.cn
198,xxx
199,com.uy
200,bg
201,cx
202,works
203,s3-external-1.amazonaws.com
204,co.ve
205,cloud
206,s3-ap-southeast-1.amazonaws.com
207,pub
208,blog.br
209,com.pl
210,hn
211,rocks
212,si
213,life
214,ovh
215,guru
216,edu.cn
217,int
218,kz
219,hr
220,win
221,net.au
222,cr
223,lv
224,host
225,com.pk
226,net.cn
227,by
228,gov.cn
229,services
230,gob.mx
231,cat
232,sa
233,sx
234,ac
235,as
236,bradesco
237,live
238,pr
239,ga
240,com.ve
241,mt
242,bo
243,ml
244,gs
245,com.do
246,ee
247,c.cdn77.org
248,s3-website-eu-west-1.amazonaws.com
249,edu.tr
250,gov.in
251,net.tw
252,com.es
253,sc
254,gc.ca
255,com.sa
256,download
257,so
258,com.pr
259,software
260,gy
261,systems
262,herokussl.com
263,ge
264,org.tr
265,edu.au
266,blogspot.co.uk
267,gold
268,store
269,tx.us
270,no-ip.org
271,stream
272,com.ru
273,tl
274,ma
275,blogspot.ca
276,net.co
277,s3-website-us-west-2.amazonaws.com
278,net.pl
279,gob.ar
280,pa
281,firebaseapp.com
282,work
283,ng
284,jo
285,elb.amazonaws.com.cn
286,gov.vn
287,net.id
288,net.ua
289,network
290,mn
291,or.us
292,ba
293,gov.ar
294,zapto.org
295,com.pa
296,sv
297,edu.br
298,blogspot.com.es
299,de.com
300,travel
301,aero
302,org.mx
303,kh
304,net.vn
305,tips
306,py
307,science
308,org.au
309,gen.tr
310,myqnapcloud.com
311,com.gt
312,qc.ca
313,com.sv
314,sinaapp.com
315,zone
316,gov.au
317,gov.it
318,tn
319,nhs.uk
320,rhcloud.com
321,com.mt
322,blogspot.it
323,one
324,jus.br
325,or.jp
326,blogspot.mx
327,s3-ap-northeast-1.amazonaws.com
328,blogspot.in
329,com.py
330,coop
331,mp
332,blogspot.com.tr
333,in.th
334,in-addr.arpa
335,ke
336,k12.or.us
337,lk
338,net.tr
339,mus.br
340,uk.com
341,cool
342,nyc
343,solutions
344,com.bo
345,vip
346,org.ar
347,edu.vn
348,run
349,trade
350,party
351,service.gov.uk
352,cf
353,com.ng
354,ca.us
355,nic.in
356,pm
357,zw
358,porn
359,ninja
360,nf
361,com.bz
362,eu.com
363,plus
364,help
365,world
366,blogspot.com.ar
367,co.zw
368,bd
369,ad.jp
370,iq
371,org.ec
372,org.mt
373,fl.us
374,mu
375,om
376,bar
377,ac.in
378,global
379,wiki
380,ps
381,ki
382,or.kr
383,me.uk
384,box
385,mg
386,net.mx
387,dyndns.tv
388,co.cr
389,xn--p1ai
390,ind.br
391,ac.jp
392,no-ip.biz
393,mn.us
394,on.ca
395,blogspot.fr
396,af
397,technology
398,freetls.fastly.net
399,gov.my
400,ac.kr
401,blogspot.com.au
402,qa
403,cy
404,edu.co
405,center
406,gov.co
407,az
408,blogspot.com.eg
409,blogspot.co.id
410,ni
411,org.ua
412,management
413,mk
414,duckdns.org
415,ug
416,press
417,mine.nu
418,blogspot.de
419,review
420,edu.tw
421,com.gr
422,s3-website-us-west-1.amazonaws.com
423,edu.ar
424,kiev.ua
425,ac.id
426,pantheonsite.io
427,gq
428,gov.tw
429,social
430,agency
431,np
432,buzz
433,gouv.fr
434,gov.hk
435,us.com
436,cu
437,com.cy
438,red
439,webcam
440,pa.us
441,yt
442,sytes.net
443,lb
444,com.pt
445,go.id
446,uno
447,s3-website-sa-east-1.amazonaws.com
448,net.nz
449,sch.uk
450,google
451,dnsalias.com
452,blogspot.nl
453,tc
454,co.hu
455,edu.mx
456,com.af
457,b.br
458,edu.my
459,bloxcms.com
460,homeip.net
461,com.ni
462,education
463,blogspot.pt
464,moe
465,org.in
466,blog
467,chat
468,in.ua
469,go.th
470,ac.th
471,ac.ir
472,bb
473,ny.us
474,s3.us-east-2.amazonaws.com
475,bh
476,no-ip.info
477,ga.us
478,cd
479,wi.us
480,edu.jo
481,nj.us
482,mi.us
483,blogspot.my
484,kw
485,org.il
486,ac.at
487,pics
488,sn
489,withgoogle.com
490,sm
491,sex
492,gob.ec
493,oh.us
494,edu.hk
495,net.in
496,blogspot.ru
497,k12.ca.us
498,il.us
499,inf.br
500,ma.us
501,bw
502,go.jp
503,com.hn
504,eco.br
505,com.lb
506,edu.pe
507,com.bh
508,racing
509,cricket
510,events
511,s3-ap-southeast-2.amazonaws.com
512,edu.pl
513,tj
514,gob.pe
515,sh.cn
516,ar.us
517,hopto.org
518,nc.us
519,bc.ca
520,gd
521,tm
522,kim
523,redirectme.net
524,org.za
525,org.nz
526,globo
527,gratis
528,spb.ru
529,tools
530,city
531,net.il
532,uz
533,edu.in
534,web.id
535,dyndns.biz
536,ht
537,ink
538,org.tw
539,cechire.com
540,co.bw
541,ao
542,kg
543,faith
544,azure-mobile.net
545,sexy
546,org.vn
547,s3-eu-central-1.amazonaws.com
548,gob.ve
549,k12.ar.us
550,bi
551,va
552,in.us
553,direct
554,blogspot.com.co
555,date
556,co.at
557,net.pk
558,net.ar
559,net.my
560,design
561,gh
562,vg
563,go.kr
564,or.id
565,bm
566,ist
567,blogspot.gr
568,org.co
569,vu
570,tv.br
571,london
572,mz
573,company
574,edu.sg
575,va.us
576,expert
577,dyndns.info
578,police.uk
579,jm
580,eu.org
581,ci
582,tf
583,k12.wi.us
584,games
585,getmyip.com
586,ne
587,b.ssl.fastly.net
588,loan
589,co.us
590,org.eg
591,photo
592,bn
593,net.ae
594,delivery
595,blogspot.pe
596,co.tt
597,com.gh
598,blogspot.jp
599,blogspot.se
600,org.pl
601,s3.ap-south-1.amazonaws.com
602,edu.ec
603,camp
604,adv.br
605,love
606,ac.il
607,ooo
608,blue
609,k12.in.us
610,tz
611,deals
612,serveminecraft.net
613,bs
614,blogspot.sg
615,bel.tr
616,web.tr
617,noip.me
618,dev
619,md.us
620,gob.es
621,ab.ca
622,audio
623,cn.com
624,bet
625,edu.sa
626,lol
627,xn--6frz82g
628,game
629,s3-website-ap-southeast-1.amazonaws.com
630,gov.ua
631,msk.ru
632,sch.id
633,com.qa
634,k12.ga.us
635,gov.ph
636,gi
637,academy
638,pp.ua
639,apps.fbsbx.com
640,diamonds
641,kicks-ass.net
642,gov.pl
643,id.au
644,fo
645,ac.nz
646,org.hk
647,gov.sg
648,ia.us
649,accountant
650,c66.me
651,co.ug
652,gr.jp
653,support
654,scot
655,k12.tr
656,movie
657,yolasite.com
658,ren
659,shop
660,wtf
661,gov.sa
662,edu.pk
663,post
664,s3.eu-west-2.amazonaws.com
665,ac.za
666,synology.me
667,gov.ru
668,ath.cx
669,k12.fl.us
670,museum
671,dj
672,noip.us
673,black
674,govt.nz
675,realtor
676,org.es
677,wa.us
678,srv.br
679,k12.mn.us
680,co.tz
681,k12.mi.us
682,land
683,com.mk
684,gov.ae
685,gm
686,art.br
687,com.jo
688,gov.il
689,dp.ua
690,na
691,blogspot.ro
692,ac.cn
693,dm
694,coop.br
695,cv
696,mo.us
697,leg.br
698,directory
699,vi
700,or.th
701,blogspot.be
702,mo
703,tube
704,org.my
705,vn.ua
706,wang
707,cu.cc
708,co.ao
709,k12.oh.us
710,group
711,pharmacy
712,ddns.me
713,uk.net
714,me.us
715,sy
716,k12.nc.us
717,com.hr
718,app
719,vic.gov.au
720,s3-website.eu-central-1.amazonaws.com
721,photos
722,cash
723,psi.br
724,gov.pt
725,vic.edu.au
726,org.pe
727,ltd.uk
728,lc
729,co.ma
730,nc
731,dn.ua
732,wy.us
733,sc.us
734,eti.br
735,mb.ca
736,waw.pl
737,zp.ua
738,careers
739,blogspot.tw
740,od.ua
741,mm
742,la.us
743,com.vc
744,kiwi
745,com.ly
746,k12.il.us
747,bio
748,tur.br
749,church
750,guide
751,biz.vn
752,mp.br
753,gov.za
754,med.br
755,k12.va.us
756,net.ve
757,blogspot.co.nz
758,blogspot.ch
759,community
760,k12.nj.us
761,gp
762,uol
763,international
764,ac.rs
765,fun
766,cloudfunctions.net
767,sr
768,k12.mo.us
769,eus
770,hm
771,tokyo
772,gx.cn
773,org.ve
774,pro.br
775,hosting
776,dvrdns.org
777,blogspot.co.il
778,co.mz
779,re.kr
780,info.pl
781,ltd
782,je
783,k12.pa.us
784,biz.id
785,mil.br
786,edu.eg
787,blogspot.cl
788,rip
789,blogspot.hu
790,med.ec
791,gallery
792,vlog.br
793,ac.be
794,al.us
795,blogspot.ie
796,ok.us
797,et
798,cisco
799,dreamhosters.com
800,ind.in
801,blogspot.no
802,org.sg
803,edu.ve
804,gob.cl
805,ky
806,zm
807,org.pk
808,shiksha
809,ne.kr
810,br.com
811,edu.uy
812,istanbul
813,com.mo
814,desi
815,bank
816,az.us
817,fj
818,go.cr
819,rest
820,com.de
821,market
822,blogspot.ae
823,codes
824,nv.us
825,za.net
826,k12.ma.us
827,net.do
828,k12.me.us
829,fed.us
830,gov.pk
831,adult
832,pg
833,poznan.pl
834,net.sa
835,gv.at
836,ns.ca
837,k12.ia.us
838,ct.us
839,selfip.com
840,bike
841,co.rs
842,asso.fr
843,gov.eg
844,dyndns.ws
845,k12.ny.us
846,studio
847,com.al
848,com.na
849,nm.us
850,lat
851,blogspot.fi
852,money
853,goo
854,servegame.com
855,blogspot.hk
856,ms.us
857,blogspot.dk
858,net.sg
859,photography
860,edu.ph
861,s3.ap-northeast-2.amazonaws.com
862,k12.wy.us
863,care
864,ru.com
865,servehttp.com
866,net.ph
867,tj.cn
868,eng.br
869,ac.cr
870,bplaced.net
871,k12.sc.us
872,gift
873,qld.gov.au
874,pink
875,onl
876,farm
877,dynns.com
878,marketing
879,reviews
880,wa.gov.au
881,com.tn
882,edu.ua
883,r.cdn77.net
884,mv
885,asn.au
886,pictures
887,no-ip.net
888,hopto.me
889,co.mu
890,gotdns.com
891,blogspot.kr
892,dyndns-ip.com
893,co.om
894,com.ro
895,myfritz.net
896,bt
897,rw
898,res.in
899,berlin
900,gd.cn
901,ky.us
902,co.com
903,fit
904,nsw.edu.au
905,team
906,sky
907,co.it
908,loginto.me
909,gov.gi
910,sl
911,house
912,vegas
913,blogspot.cz
914,cafe
915,amsterdam
916,edu.ng
917,jor.br
918,sa.com
919,s3.dualstack.eu-west-1.amazonaws.com
920,serveftp.com
921,tel
922,platform.sh
923,fyi
924,toscana.it
925,gob.pa
926,fi.cr
927,k12.wa.us
928,business
929,pf
930,nr
931,in.net
932,lviv.ua
933,gda.pl
934,net.lb
935,co.ua
936,kommune.no
937,mw
938,lombardia.it
939,football
940,s3-website-ap-northeast-1.amazonaws.com
941,net.eg
942,servebeer.com
943,milano.it
944,com.om
945,applinzi.com
946,bit
947,null
948,perugia.it
949,dynv6.net
950,wf
951,pizza
952,de.us
953,co.cz
954,net.hk
955,s3.dualstack.sa-east-1.amazonaws.com
956,blogspot.co.at
957,org.ph
958,training
959,myvnc.com
960,now.sh
961,gov.ng
962,ut.us
963,kharkov.ua
964,tn.us
965,edu.om
966,sk.ca
967,org.ng
968,org.pt
969,co.zm
970,school.nz
971,3utilities.com
972,idv.tw
973,mc
974,k12.co.us
975,krakow.pl
976,tv.tr
977,kh.ua
978,sale
979,keymachine.de
980,graphics
981,net.za
982,biz.tr
983,paris
984,moscow
985,myftp.org
986,mom
987,dnsalias.net
988,gal
989,lg.ua
990,onion
991,xn--p1acf
992,nh.us
993,us.org
994,to.it
995,wmflabs.org
996,best
997,gov.gr
998,sd
999,roma.it
1000,gub.uy
1001,quebec
1002,cam
1003,k12.la.us
1004,info.tr
1005,biz.ua
1006,aws
1007,gob.do
1008,consulting
1009,how
1010,webhop.org
1011,js.org
1012,wales
1013,army
1014,js.cn
1015,s3-website-ap-southeast-2.amazonaws.com
1016,gov.tt
1017,veneto.it
1018,odessa.ua
1019,xin
1020,school
1021,prod
1022,clothing
1023,show
1024,k12.az.us
1025,plc.uk
1026,ak.us
1027,domains
1028,gov.ve
1029,arq.br
1030,serveftp.net
1031,menu
1032,if.ua
1033,wroc.pl
1034,boutique
1035,co.pl
1036,yahoo
1037,blogspot.sk
1038,nfshost.com
1039,ads
1040,space-to-rent.com
1041,sd.us
1042,lg.jp
1043,ed.jp
1044,edu.do
1045,tg
1046,coffee
1047,org.uy
1048,edu.ru
1049,finance
1050,org.bo
1051,wa.edu.au
1052,s3-ap-south-1.amazonaws.com
1053,maori.nz
1054,net.pe
1055,org.sa
1056,ln.cn
1057,k12.ct.us
1058,law
1059,build
1060,express
1061,mi.it
1062,my.id
1063,homedns.org
1064,cab
1065,dynalias.com
1066,xn--tckwe
1067,partners
1068,s3.cn-north-1.amazonaws.com.cn
1069,style
1070,dog
1071,or.at
1072,discount
1073,energy
1074,com.cu
1075,better-than.tv
1076,garden
1077,k12.tx.us
1078,com.et
1079,pe.kr
1080,gov.ie
1081,casa
1082,koeln
1083,av.tr
1084,adm.br
1085,legal
1086,s3.dualstack.ap-northeast-1.amazonaws.com
1087,nrw
1088,k12.al.us
1089,limited
1090,swiss
1091,gob.gt
1092,k12.ok.us
1093,vt.us
1094,wv.us
1095,barclays
1096,k12.ms.us
1097,fin.ec
1098,sa.gov.au
1099,ks.us
1100,film
1101,gov.py
1102,net.mk
1103,webhop.net
1104,institute
1105,fashion
1106,co.ir
1107,dating
1108,com.la
1109,bf
1110,place
1111,fund
1112,ac.ae
1113,gob.sv
1114,mi.th
1115,gob.bo
1116,kitchen
1117,com.by
1118,ddnsking.com
1119,com.fr
1120,band
1121,bz.it
1122,edu.lb
1123,co.ni
1124,beer
1125,hi.us
1126,gotdns.org
1127,bj
1128,gov.do
1129,k12.ky.us
1130,rv.ua
1131,ls
1132,bnpparibas
1133,earth
1134,cv.ua
1135,hotmail
1136,vet
1137,realty
1138,foundation
1139,ks.ua
1140,com.ag
1141,gov.ma
1142,org.py
1143,co.ae
1144,tn.it
1145,biz.pl
1146,bounceme.net
1147,bayern
1148,family
1149,sb
1150,wroclaw.pl
1151,mt.us
1152,gov.qa
1153,fi.it
1154,bible
1155,camera
1156,szczecin.pl
1157,cw
1158,edu.gt
1159,university
1160,cnt.br
1161,ne.us
1162,homelinux.org
1163,k12.ut.us
1164,bo.it
1165,capital
1166,pl.ua
1167,nom.br
1168,fail
1169,org.rs
1170,blogspot.bg
1171,lgbt
1172,med.sa
1173,cards
1174,myds.me
1175,blogspot.co.za
1176,km.ua
1177,tur.ar
1178,gov.om
1179,horse
1180,emilia-romagna.it
1181,cymru
1182,sz
1183,etc.br
1184,fvg.it
1185,g12.br
1186,sap
1187,vision
1188,fitness
1189,homelinux.net
1190,agr.br
1191,k12.de.us
1192,cc.ca.us
1193,golf
1194,homelinux.com
1195,gov.lk
1196,you
1197,blogspot.com.ng
1198,com.kz
1199,net.ba
1200,blogspot.com.uy
1201,net.tt
1202,rio
1203,sd.cn
1204,gob.ni
1205,id.us
1206,wien
1207,hamburg
1208,ruhr
1209,engineering
1210,nd.us
1211,myftp.biz
1212,edu.tt
1213,sa.edu.au
1214,net.qa
1215,blogspot.ba
1216,ac.ru
1217,bzh
1218,co.ls
1219,umbria.it
1220,pe.ca
1221,ru.net
1222,jetzt
1223,singles
1224,te.ua
1225,mr
1226,piemonte.it
1227,ventures
1228,ha.cn
1229,art.pl
1230,nl.ca
1231,no.com
1232,gov.dz
1233,net.kg
1234,shoes
1235,edu.cu
1236,blogspot.hr
1237,edu.gh
1238,fm.br
1239,org.qa
1240,fish
1241,xn--j1amh
1242,frl
1243,is-by.us
1244,ra.it
1245,re.it
1246,dance
1247,qld.edu.au
1248,servepics.com
1249,gov.cl
1250,torino.it
1251,lib.in.us
1252,edu.iq
1253,casino
1254,homeoffice.gov.uk
1255,xn--90ais
1256,blogspot.rs
1257,xn--80asehdb
1258,mk.ua
1259,office
1260,immo
1261,eu-2.evennode.com
1262,pol.tr
1263,edu.gr
1264,edu.bo
1265,gob.hn
1266,dyndns-server.com
1267,edu.sv
1268,fj.cn
1269,flog.br
1270,town
1271,opole.pl
1272,ac.ug
1273,ax
1274,gov.kz
1275,properties
1276,org.gt
1277,sydney
1278,alwaysdata.net
1279,dynalias.net
1280,nb.ca
1281,uz.ua
1282,barcelona
1283,gov.cy
1284,blogspot.qa
1285,gov.ps
1286,s3.dualstack.us-east-1.amazonaws.com
1287,selfip.net
1288,computer
1289,college
1290,brussels
1291,restaurant
1292,tatar
1293,poker
1294,crimea.ua
1295,productions
1296,property
1297,moda
1298,recipes
1299,forsale
1300,clinic
1301,cooking
1302,toys
1303,here
1304,parts
1305,vote
1306,wine
1307,goog
1308,net.mt
1309,blogspot.si
1310,i2p
1311,net.ec
1312,rentals
1313,com.ge
1314,or.tz
1315,taipei
1316,ac.cy
1317,webhop.me
1318,olsztyn.pl
1319,luxury
1320,net.om
1321,gov.ir
1322,ngo
1323,oz.au
1324,cci.fr
1325,cloud.fedoraproject.org
1326,kr.ua
1327,net.ng
1328,sumy.ua
1329,estate
1330,dyndns-remote.com
1331,gov.jo
1332,aol
1333,gov.by
1334,ck
1335,compute.amazonaws.com
1336,gov.ba
1337,k12.mt.us
1338,yoga
1339,ngrok.io
1340,tuxfamily.org
1341,appchizi.com
1342,square7.ch
1343,lighting
1344,coach
1345,ck.ua
1346,ski
1347,tas.gov.au
1348,s3.ca-central-1.amazonaws.com
1349,solar
1350,dontexist.org
1351,blogspot.al
1352,katowice.pl
1353,lawyer
1354,dental
1355,dy.fi
1356,edu.ni
1357,name.vn
1358,construction
1359,net.ma
1360,odo.br
1361,ong
1362,tm.fr
1363,com.gi
1364,green
1365,org.mz
1366,youtube
1367,edu.mt
1368,kicks-ass.org
1369,melbourne
1370,lib.oh.us
1371,spdns.de
1372,blogspot.lt
1373,kaufen
1374,ri.us
1375,study
1376,s3-website.ap-south-1.amazonaws.com
1377,wedding
1378,serveftp.org
1379,s3-us-east-2.amazonaws.com
1380,zip
1381,gmbh
1382,healthcare
1383,tattoo
1384,art
1385,cg
1386,jp.net
1387,pet
1388,sicilia.it
1389,warszawa.pl
1390,puglia.it
1391,tours
1392,aw
1393,ac.lk
1394,firenze.it
1395,jpn.com
1396,bydgoszcz.pl
1397,mil.co
1398,new
1399,tv.bo
1400,holiday
1401,homeftp.net
1402,gov.lv
1403,k12.md.us
1404,or.cr
1405,org.do
1406,poltava.ua
1407,webhop.info
1408,net.th
1409,mil.ru
1410,s3-eu-west-2.amazonaws.com
1411,gov.mo
1412,lib.mn.us
1413,rent
1414,supply
1415,fedorainfracloud.org
1416,miami
1417,edu.dz
1418,hockey
1419,nico
1420,bologna.it
1421,eu.int
1422,pila.pl
1423,promo
1424,lib.mi.us
1425,bio.br
1426,durban
1427,enterprises
1428,ac.ma
1429,kred
1430,s3-ap-northeast-2.amazonaws.com
1431,edu.rs
1432,ye
1433,edu.et
1434,go.tz
1435,insure
1436,co.nl
1437,futbol
1438,off
1439,srl
1440,net.sb
1441,smart
1442,tokyo.jp
1443,gov.lb
1444,net.ni
1445,fedorapeople.org
1446,tirol
1447,gov.gh
1448,esp.br
1449,yk.ca
1450,lib.me.us
1451,s3-website.eu-west-2.amazonaws.com
1452,pisz.pl
1453,s3.dualstack.eu-central-1.amazonaws.com
1454,vlaanderen
1455,gov.af
1456,zj.cn
1457,edu.qa
1458,haus
1459,net.gt
1460,spdns.org
1461,edu.mk
1462,gotdns.ch
1463,liguria.it
1464,tienda
1465,bingo
1466,builders
1467,cloudns.club
1468,org.mk
1469,repair
1470,dhl
1471,dnsalias.org
1472,iki.fi
1473,url.tw
1474,ice
1475,co.im
1476,k12.nv.us
1477,com.mv
1478,glass
1479,sa.cr
1480,trieste.it
1481,gov.rs
1482,imb.br
1483,info.ve
1484,taxi
1485,info.ec
1486,marche.it
1487,mat.br
1488,radio.br
1489,com.tj
1490,credit
1491,genova.it
1492,rzeszow.pl
1493,s3-website.ap-northeast-2.amazonaws.com
1494,mydrobo.com
1495,dyndns-home.com
1496,org.zw
1497,sucks
1498,xn--6qq986b3xl
1499,za.org
1500,or.ug
1501,ppg.br
1502,blogspot.mk
1503,fans
1504,furniture
1505,jewelry
1506,nsn.us
1507,africa.com
1508,net.mv
1509,servecounterstrike.com
1510,surf
1511,com.sl
1512,k12.nm.us
1513,no-ip.ca
1514,com.ky
1515,vr.it
1516,am.br
1517,bg.it
1518,blogspot.am
1519,org.ro
1520,org.sv
1521,tax
1522,gov.bh
1523,lib.tx.us
1524,nagoya
1525,com.lk
1526,vin
1527,attorney
1528,lib.il.us
1529,mo.it
1530,s3-website.us-east-2.amazonaws.com
1531,blogspot.is
1532,selfip.biz
1533,gov.mk
1534,net.py
1535,ac.tz
1536,verona.it
1537,edu.py
1538,williamhill
1539,co.me
1540,co.rw
1541,gent
1542,blogspot.co.ke
1543,bs.it
1544,kp
1545,org.ni
1546,co.vi
1547,contractors
1548,equipment
1549,gotpantheon.com
1550,co.sz
1551,gov.mn
1552,k12.tn.us
1553,com.bs
1554,se.com
1555,dnsfor.me
1556,edu.ee
1557,financial
1558,info.vn
1559,xn--rhqv96g
1560,aeroport.fr
1561,gifts
1562,gov.sy
1563,sardegna.it
1564,sklep.pl
1565,lazio.it
1566,cn.ua
1567,gov.ge
1568,zgora.pl
1569,bialystok.pl
1570,dynalias.org
1571,lib.ia.us
1572,blogspot.ug
1573,org.gr
1574,edu.sd
1575,radom.pl
1576,vi.it
1577,cheap
1578,czest.pl
1579,gf
1580,nom.es
1581,xn--55qx5d
1582,abbott
1583,blogspot.sn
1584,napoli.it
1585,com.bm
1586,dyndns-web.com
1587,edu.es
1588,edu.pa
1589,go.ug
1590,gov.ly
1591,tv.it
1592,ud.it
1593,venezia.it
1594,net.uy
1595,va.it
1596,xn--io0a7i
1597,lutsk.ua
1598,mil.ec
1599,padova.it
1600,gov.ec
1601,hk.cn
1602,thruhere.net
1603,com.ai
1604,td
1605,mil.id
1606,org.ir
1607,s3-ca-central-1.amazonaws.com
1608,blogdns.com
1609,gdynia.pl
1610,holdings
1611,soy
1612,srt
1613,barclaycard
1614,vipsinaapp.com
1615,ac.zw
1616,donetsk.ua
1617,hsbc
1618,servebbs.net
1619,org.cy
1620,s3-website.ca-central-1.amazonaws.com
1621,xn--mk1bu44c
1622,ceo
1623,from-il.com
1624,gov.pr
1625,limo
1626,mq
1627,s3.dualstack.ap-south-1.amazonaws.com
1628,s3.dualstack.ap-southeast-2.amazonaws.com
1629,s3.dualstack.eu-west-2.amazonaws.com
1630,lib.wi.us
1631,s3.dualstack.us-east-2.amazonaws.com
1632,xn--80adxhks
1633,emr.it
1634,mil.pl
1635,nt.ca
1636,campania.it
1637,gmail
1638,s3.dualstack.ap-northeast-2.amazonaws.com
1639,s3.dualstack.ap-southeast-1.amazonaws.com
1640,spb.su
1641,airport.aero
1642,edu.ps
1643,gb.com
1644,malopolska.pl
1645,yokohama
1646,fe.it
1647,k12.id.us
1648,k12.ks.us
1649,nf.ca
1650,pr.it
1651,s3.dualstack.ca-central-1.amazonaws.com
1652,hiphop
1653,org.na
1654,xn--fiqs8s
1655,ac.pa
1656,blogspot.com.cy
1657,k12.ne.us
1658,vet.br
1659,dd-dns.de
1660,gov.al
1661,blogspot.li
1662,com.sb
1663,blogspot.lu
1664,brescia.it
1665,kn
1666,onthewifi.com
1667,voyage
1668,edu.pt
1669,gov.et
1670,lib.md.us
1671,mil.ar
1672,dnsdojo.com
1673,jl.cn
1674,joburg
1675,swinoujscie.pl
1676,desa.id
1677,feedback
1678,org.lb
1679,sosnowiec.pl
1680,archi
1681,pulawy.pl
1682,reisen
1683,supplies
1684,calabria.it
1685,org.jo
1686,prato.it
1687,gop
1688,blogspot.com.by
1689,com.ee
1690,eun.eg
1691,apartments
1692,bj.cn
1693,brasilia.me
1694,na.it
1695,natura
1696,point2this.com
1697,ve.it
1698,cern
1699,co.uz
1700,diskstation.me
1701,in.rs
1702,xn--vuq861b
1703,za.com
1704,pd.it
1705,blogspot.md
1706,immobilien
1707,ustka.pl
1708,er
1709,exposed
1710,loans
1711,vacations
1712,capetown
1713,flights
1714,is-a-geek.com
1715,servequake.com
1716,shopping
1717,wloclawek.pl
1718,investments
1719,servemp3.com
1720,wiki.br
1721,homeunix.com
1722,pisa.it
1723,elblag.pl
1724,plumbing
1725,sch.ir
1726,xn--54b7fta0cc
1727,catering
1728,fot.br
1729,career
1730,lib.ny.us
1731,gen.nz
1732,gov.mw
1733,nov.ru
1734,selfip.org
1735,canon
1736,mil.ve
1737,com.bb
1738,fk
1739,gov.sl
1740,k12.nh.us
1741,lib.al.us
1742,mba
1743,vgs.no
1744,webhop.biz
1745,gov.la
1746,org.tt
1747,pv.it
1748,spdns.eu
1749,weir
1750,christmas
1751,gov.az
1752,ar.com
1753,lib.la.us
1754,bergamo.it
1755,gov.iq
1756,mortgage
1757,okinawa
1758,org.pa
1759,pro.vn
1760,slupsk.pl
1761,com.dz
1762,vda.it
1763,goip.de
1764,gov.gy
1765,i.ng
1766,gitlab.io
1767,gliwice.pl
1768,konin.pl
1769,muni.il
1770,serveblog.net
1771,gov.bz
1772,net.gr
1773,net.gy
1774,kolobrzeg.pl
1775,name.tr
1776,s3-us-gov-west-1.amazonaws.com
1777,co.na
1778,edu.hn
1779,gov.sd
1780,nm.cn
1781,tas.edu.au
1782,doesntexist.com
1783,elk.pl
1784,gb
1785,gop.pk
1786,irish
1787,reise
1788,diet
1789,gov.mz
1790,itau
1791,lib.mo.us
1792,now
1793,country
1794,gov.bs
1795,xn--c1avg
1796,xn--kput3i
1797,co.no
1798,firm.in
1799,gmina.pl
1800,juegos
1801,pp.se
1802,co.dk
1803,coupons
1804,gov.ky
1805,associates
1806,bargains
1807,comcast
1808,gov.rw
1809,gu
1810,suwalki.pl
1811,com.sy
1812,gz.cn
1813,industries
1814,mb.it
1815,org.af
1816,blackfriday
1817,store.ro
1818,edu.kz
1819,legnica.pl
1820,mragowo.pl
1821,xn--t60b56a
1822,basilicata.it
1823,gov.tn
1824,olkusz.pl
1825,trust
1826,auction
1827,cologne
1828,dyndns-office.com
1829,inf.cu
1830,med
1831,pordenone.it
1832,an.it
1833,nat.tn
1834,saarland
1835,cleaning
1836,edu.sy
1837,gouv.sn
1838,gw
1839,org.ma
1840,org.zm
1841,vodka
1842,ac.vn
1843,cc.ia.us
1844,edu.al
1845,edu.mo
1846,cloudns.pro
1847,cn.it
1848,sa.it
1849,blogspot.com.mt
1850,gb.net
1851,gouv.ci
1852,lezajsk.pl
1853,lib.ks.us
1854,surgery
1855,dep.no
1856,gov.tl
1857,mypsx.net
1858,soccer
1859,cq.cn
1860,dontexist.com
1861,dyndns-free.com
1862,swidnica.pl
1863,co.je
1864,dyndns-work.com
1865,engineer
1866,florist
1867,geek.nz
1868,dentist
1869,ge.it
1870,notaires.fr
1871,priv.at
1872,zagan.pl
1873,krd
1874,lr
1875,no-ip.co.uk
1876,pg.it
1877,condos
1878,gov.mv
1879,media.pl
1880,net.bo
1881,tmp.br
1882,blogspot.com.ee
1883,com.ba
1884,dyndns-at-home.com
1885,gov.zw
1886,xn--80aswg
1887,actor
1888,cc.il.us
1889,health.nz
1890,rnu.tn
1891,ah.cn
1892,com.ps
1893,lib.ky.us
1894,podzone.net
1895,web.pk
1896,bbs.tr
1897,me.it
1898,org.tn
1899,rm.it
1900,ryukyu
1901,act.edu.au
1902,cruises
1903,kherson.ua
1904,open
1905,sch.ae
1906,tickets
1907,airline.aero
1908,dscloud.me
1909,jx.cn
1910,lease
1911,pointto.us
1912,servebbs.com
1913,com.gy
1914,lib.ca.us
1915,net.cu
1916,star
1917,udine.it
1918,bytom.pl
1919,co.cm
1920,mn.it
1921,org.ge
1922,servegame.org
1923,edu.mn
1924,gen.in
1925,info.hu
1926,lubin.pl
1927,modena.it
1928,psc.br
1929,fc.it
1930,grajewo.pl
1931,inf.ua
1932,not.br
1933,com.nf
1934,kalisz.pl
1935,nsupdate.info
1936,xn--czru2d
1937,claims
1938,endofinternet.net
1939,game.tw
1940,schule
1941,wolomin.pl
1942,day
1943,gov.bm
1944,gov.bt
1945,slask.pl
1946,villas
1947,cdn77-ssl.net
1948,freeboxos.fr
1949,lib.nj.us
1950,podzone.org
1951,auto.pl
1952,edu.ge
1953,gov.bb
1954,homeunix.net
1955,hs.kr
1956,limanowa.pl
1957,nysa.pl
1958,com.tt
1959,rimini.it
1960,serveirc.com
1961,abruzzo.it
1962,lecco.it
1963,lib.sc.us
1964,mazowsze.pl
1965,org.bt
1966,xn--czr694b
1967,at.it
1968,bedzin.pl
1969,ed.cr
1970,hb.cn
1971,karpacz.pl
1972,nom.co
1973,walbrzych.pl
1974,aq
1975,club.tw
1976,fishing
1977,gn
1978,k12.ri.us
1979,nowaruda.pl
1980,tennis
1981,edu.ba
1982,org.gh
1983,co.mw
1984,lib.va.us
1985,school.za
1986,blogsite.org
1987,chambagri.fr
1988,office-on-the.net
1989,org.bz
1990,rec.br
1991,sm.ua
1992,auto
1993,ba.it
1994,ca.it
1995,ddnss.de
1996,kyiv.ua
1997,parma.it
1998,agric.za
1999,edu.lk
2000,guitars
2001,lib.or.us
2002,pri.ee
2003,hk.com
2004,hot
2005,augustow.pl
2006,hokkaido.jp
2007,it.ao
2008,livorno.it
2009,sejny.pl
2010,sp.leg.br
2011,ufcfan.org
2012,vicenza.it
2013,vt.it
2014,flowers
2015,le.it
2016,sc.cn
2017,viajes
2018,zt.ua
2019,courses
2020,far.br
2021,ftpaccess.cc
2022,i234.me
2023,kyoto.jp
2024,alsace
2025,car
2026,cc.fl.us
2027,cc.ms.us
2028,home.dyndns.org
2029,shacknet.nu
2030,varese.it
2031,cc.ga.us
2032,k12.ak.us
2033,leclerc
2034,lomza.pl
2035,lu.it
2036,olawa.pl
2037,web.ve
2038,bielawa.pl
2039,com.vu
2040,cs.it
2041,dvrcam.info
2042,edu.az
2043,my-wan.de
2044,org.hu
2045,vinnica.ua
2046,abc
2047,cloudns.cc
2048,com.iq
2049,theater
2050,transurl.nl
2051,al.it
2052,emp.br
2053,is-a-geek.org
2054,maison
2055,mobile
2056,ostrowwlkp.pl
2057,rc.it
2058,seoul.kr
2059,sp.it
2060,ct.it
2061,ecn.br
2062,kyoto
2063,sch.ng
2064,blogdns.org
2065,ketrzyn.pl
2066,lapy.pl
2067,ltda
2068,pa.it
2069,presse.fr
2070,tychy.pl
2071,ciscofreak.com
2072,edu.bh
2073,hitachi
2074,kepno.pl
2075,of.by
2076,palermo.it
2077,siena.it
2078,cloudns.org
2079,com.kp
2080,data
2081,lib.co.us
2082,osaka
2083,rodeo
2084,rybnik.pl
2085,xn--d1acj3b
2086,avocat.fr
2087,bari.it
2088,blogdns.net
2089,diskstation.org
2090,dyndns-mail.com
2091,gives
2092,li.it
2093,mc.it
2094,mielec.pl
2095,rehab
2096,versicherung
2097,0emm.com
2098,gorizia.it
2099,km
2100,mazury.pl
2101,ms.it
2102,nu.ca
2103,rep.kp
2104,arezzo.it
2105,boxfuse.io
2106,com.bt
2107,crown
2108,dyn-o-saur.com
2109,fr.it
2110,gdansk.pl
2111,idf.il
2112,org.mo
2113,polkowice.pl
2114,sn.cn
2115,xn--3ds443g
2116,agrigento.it
2117,corsica
2118,gov.mg
2119,hiroshima.jp
2120,is.it
2121,nikolaev.ua
2122,pruszkow.pl
2123,sci.eg
2124,edu.lv
2125,gov.me
2126,mil.pe
2127,musica.ar
2128,org.hn
2129,wlocl.pl
2130,catania.it
2131,lib.de.us
2132,rn.it
2133,stargard.pl
2134,com.az
2135,compute-1.amazonaws.com
2136,info.ro
2137,int.ru
2138,nom.pe
2139,org.ls
2140,org.mw
2141,pistoia.it
2142,salon
2143,travel.pl
2144,bv
2145,cars
2146,chiba.jp
2147,game-host.org
2148,hobby-site.com
2149,msk.su
2150,org.sz
2151,pc.it
2152,pt.it
2153,republican
2154,blogsyte.com
2155,com.ht
2156,jaworzno.pl
2157,kobierzyce.pl
2158,monash
2159,pn.it
2160,sandcats.io
2161,scrapping.cc
2162,security
2163,sx.cn
2164,tula.su
2165,yandex
2166,aichi.jp
2167,edu.af
2168,grosseto.it
2169,i.ph
2170,jgora.pl
2171,lib.ma.us
2172,org.pr
2173,osaka.jp
2174,accountants
2175,av.it
2176,from-ks.com
2177,geekgalaxy.com
2178,gouv.ht
2179,hepforge.org
2180,mh
2181,mil.ng
2182,mil.no
2183,nflfan.org
2184,pi.it
2185,podlasie.pl
2186,so.it
2187,broke-it.net
2188,cc.al.us
2189,cim.br
2190,com.zm
2191,gv.ao
2192,jll
2193,k12.vt.us
2194,kanagawa.jp
2195,lucca.it
2196,tgory.pl
2197,agro.pl
2198,apple
2199,homeunix.org
2200,lib.ms.us
2201,markets
2202,nagano.jp
2203,oslo.no
2204,outsystemscloud.com
2205,pu.it
2206,uzhgorod.ua
2207,aaa
2208,asti.it
2209,com.lv
2210,com.nr
2211,dnshome.de
2212,eco
2213,fg.it
2214,fhsk.se
2215,gov.kg
2216,gripe
2217,lc.it
2218,lib.ar.us
2219,lib.nc.us
2220,lodi.it
2221,servep2p.com
2222,us-2.evennode.com
2223,bieszczady.pl
2224,call
2225,cc.tx.us
2226,como.it
2227,coop.py
2228,from.hr
2229,rovno.ua
2230,warmia.pl
2231,xn--q9jyb4c
2232,cri.nz
2233,edu.ky
2234,lib.ok.us
2235,okayama.jp
2236,org.bw
2237,savona.it
2238,xn--hxt814e
2239,ancona.it
2240,familyds.com
2241,forgot.his.name
2242,java
2243,lowicz.pl
2244,piacenza.it
2245,saitama.jp
2246,sensiosite.cloud
2247,terni.it
2248,dc.us
2249,edu.ly
2250,hu.com
2251,istmein.de
2252,physio
2253,priv.no
2254,shizuoka.jp
2255,xn--ses554g
2256,degree
2257,edu.za
2258,endoftheinternet.org
2259,game-server.cc
2260,gniezno.pl
2261,hi.cn
2262,homeftp.org
2263,kagoshima.jp
2264,lib.az.us
2265,msd
2266,org.ba
2267,ac.mz
2268,ac.rw
2269,aland.fi
2270,bl.it
2271,bplaced.de
2272,cc.or.us
2273,co.gg
2274,dyndns-at-work.com
2275,is-slick.com
2276,isa-geek.org
2277,kr.com
2278,med.pro
2279,nieruchomosci.pl
2280,ostroleka.pl
2281,qpon
2282,stalowa-wola.pl
2283,aq.it
2284,bn.it
2285,cuneo.it
2286,id.lv
2287,is-a-geek.net
2288,like
2289,molise.it
2290,nom.fr
2291,riik.ee
2292,volyn.ua
2293,cieszyn.pl
2294,com.se
2295,doesntexist.org
2296,doomdns.com
2297,free
2298,hyogo.jp
2299,idv.hk
2300,insurance
2301,lugansk.ua
2302,mypets.ws
2303,nagoya.jp
2304,orange
2305,organic
2306,sj
2307,ven.it
2308,a.se
2309,cc.ua
2310,chirurgiens-dentistes.fr
2311,fox
2312,gorlice.pl
2313,ham-radio-op.net
2314,hn.cn
2315,k12.il
2316,lukow.pl
2317,mil.kr
2318,mov
2319,myeffect.net
2320,novara.it
2321,org.dz
2322,org.se
2323,oz
2324,sandvik
2325,sch.sa
2326,sv.it
2327,withyoutube.com
2328,does-it.net
2329,dontexist.net
2330,dyn-vpn.de
2331,hl.cn
2332,meteorapp.com
2333,no.it
2334,org.ae
2335,pescara.it
2336,pgafan.net
2337,se.net
2338,al.leg.br
2339,cable-modem.org
2340,democrat
2341,docs
2342,gov.dm
2343,gov.sc
2344,gs.cn
2345,is-found.org
2346,mil.do
2347,org.gg
2348,ostroda.pl
2349,qsl.br
2350,workisboring.com
2351,ac.me
2352,afl
2353,cagliari.it
2354,ch.it
2355,chrome
2356,fage
2357,fukui.jp
2358,gr.it
2359,kiwi.nz
2360,lib.pa.us
2361,mantova.it
2362,org.je
2363,yn.cn
2364,bom
2365,e12.ve
2366,gov.lr
2367,kharkiv.ua
2368,lel.br
2369,malbork.pl
2370,man
2371,neustar
2372,red.sv
2373,sarl
2374,search
2375,serveexchange.com
2376,uw.gov.pl
2377,xn--3e0b707e
2378,co.gy
2379,for-better.biz
2380,gov.lc
2381,ilawa.pl
2382,off.ai
2383,prd.fr
2384,sells-it.net
2385,skype
2386,tarnobrzeg.pl
2387,zakopane.pl
2388,active
2389,ar.it
2390,bbc
2391,cremona.it
2392,edu.krd
2393,flynnhub.com
2394,gob.pk
2395,gunma.jp
2396,is-a-teacher.com
2397,klodzko.pl
2398,mma
2399,myfirewall.org
2400,okinawa.jp
2401,play
2402,tr.it
2403,treviso.it
2404,wodzislaw.pl
2405,cr.it
2406,dedyn.io
2407,doctor
2408,dyndns-blog.com
2409,dynvpn.de
2410,ms.kr
2411,myphotos.cc
2412,pc.pl
2413,pomorskie.pl
2414,prochowice.pl
2415,com.cm
2416,creditcard
2417,en.it
2418,familyds.net
2419,gos.pk
2420,gr.com
2421,laspezia.it
2422,map
2423,med.pl
2424,messina.it
2425,servehalflife.com
2426,bplaced.com
2427,edu.bs
2428,for-the.biz
2429,lib.ut.us
2430,mt.leg.br
2431,org.ug
2432,ostrowiec.pl
2433,saxo
2434,sbi
2435,secure
2436,selfip.info
2437,ss.it
2438,trento.it
2439,yamanashi.jp
2440,ag.it
2441,ce.it
2442,dell
2443,dr.tr
2444,dyndns-wiki.com
2445,ed.ao
2446,edu.bt
2447,gov.tm
2448,lib.nh.us
2449,lib.nv.us
2450,lo.it
2451,mil.cn
2452,net.sy
2453,org.al
2454,ro.it
2455,barrel-of-knowledge.info
2456,brindisi.it
2457,co.ci
2458,dsmynas.com
2459,edu.bz
2460,foo
2461,from-tx.com
2462,fukuoka.jp
2463,gets-it.net
2464,gov.cm
2465,gov.zm
2466,meet
2467,sch.lk
2468,xn--3bst00m
2469,art.museum
2470,biella.it
2471,boleslawiec.pl
2472,buy
2473,info.tn
2474,iwate.jp
2475,kumamoto.jp
2476,kutno.pl
2477,latina.it
2478,my-gateway.de
2479,myasustor.com
2480,net.nr
2481,nx.cn
2482,org.ly
2483,pomorze.pl
2484,press.ma
2485,priv.pl
2486,qc.com
2487,te.it
2488,vb.it
2489,zgorzelec.pl
2490,bing
2491,cc.nm.us
2492,es.kr
2493,hospital
2494,ing
2495,is-a-personaltrainer.com
2496,jelenia-gora.pl
2497,my-router.de
2498,tec.ve
2499,test.ru
2500,tires
2501,ac.mu
2502,accenture
2503,eat
2504,gmx
2505,go.dyndns.org
2506,gov.bo
2507,hiv
2508,lib.ga.us
2509,nagasaki.jp
2510,net.ir
2511,or.it
2512,shop.pl
2513,wielun.pl
2514,xen.prgmr.com
2515,com.so
2516,eu-3.evennode.com
2517,experts-comptables.fr
2518,is-lost.org
2519,ltd.ua
2520,ma.leg.br
2521,mail.pl
2522,mil.nz
2523,miyagi.jp
2524,net.et
2525,net.pa
2526,org.bh
2527,org.lv
2528,trading
2529,verbania.it
2530,cb.it
2531,cz.it
2532,endofinternet.org
2533,foggia.it
2534,fukushima.jp
2535,gov.bf
2536,gov.sb
2537,isa-geek.net
2538,lib.fl.us
2539,mg.leg.br
2540,mini
2541,name.my
2542,net.la
2543,org.ky
2544,per.sg
2545,rg.it
2546,voto
2547,wegrow.pl
2548,zhitomir.ua
2549,ap.gov.pl
2550,belluno.it
2551,caserta.it
2552,cc.nc.us
2553,cc.nj.us
2554,codespot.com
2555,com.uz
2556,damnserver.com
2557,for-our.info
2558,from-ar.com
2559,hobby-site.org
2560,isa-geek.com
2561,kawasaki.jp
2562,memorial
2563,mil.my
2564,name.ng
2565,navy
2566,page
2567,sassari.it
2568,sc.leg.br
2569,telefonica
2570,toyama.jp
2571,ap.it
2572,baidu
2573,beskidy.pl
2574,cc.md.us
2575,dnsdojo.net
2576,dscloud.biz
2577,edunet.tn
2578,gov.lt
2579,kazimierz-dolny.pl
2580,lebork.pl
2581,lt.it
2582,olecko.pl
2583,si.it
2584,sr.gov.pl
2585,sr.it
2586,taranto.it
2587,beep.pl
2588,c.la
2589,cc.tn.us
2590,cosenza.it
2591,edu.sn
2592,fantasyleague.cc
2593,fbxos.fr
2594,feste-ip.net
2595,from-sc.com
2596,gifu.jp
2597,gle
2598,go.leg.br
2599,gov.mu
2600,idrett.no
2601,is-a-chef.org
2602,iwi.nz
2603,jcb
2604,k12.dc.us
2605,macerata.it
2606,microsoft
2607,mil.ph
2608,net.eu.org
2609,net.ly
2610,netflix
2611,nt.edu.au
2612,on-the-web.tv
2613,podhale.pl
2614,sanok.pl
2615,sopot.pl
2616,tp.it
2617,turystyka.pl
2618,alessandria.it
2619,busan.kr
2620,com.sd
2621,dad
2622,doomdns.org
2623,dot
2624,edu.mv
2625,health
2626,imperia.it
2627,mex.com
2628,mil.uy
2629,museum.no
2630,pe.it
2631,pictet
2632,skoczow.pl
2633,triton.zone
2634,ac.zm
2635,ceb
2636,ditchyourip.com
2637,glogow.pl
2638,im.it
2639,konskowola.pl
2640,next
2641,niigata.jp
2642,norton
2643,org.bb
2644,org.ps
2645,powiat.pl
2646,protection
2647,ravenna.it
2648,ts.it
2649,twmail.org
2650,weather
2651,web.za
2652,worse-than.tv
2653,airforce
2654,bmw
2655,bolzano.it
2656,caltanissetta.it
2657,cc.ok.us
2658,cl.it
2659,co.cl
2660,czeladz.pl
2661,drive
2662,folkebibl.no
2663,gov.vc
2664,ibaraki.jp
2665,medecin.fr
2666,mil.by
2667,mlbfan.org
2668,nara.jp
2669,org.im
2670,org.kg
2671,org.la
2672,phone
2673,sebastopol.ua
2674,so.gov.pl
2675,spot
2676,szkola.pl
2677,ta.it
2678,xj.cn
2679,yamagata.jp
2680,ae.org
2681,ao.it
2682,bt.it
2683,cal
2684,cc.mi.us
2685,edu.gy
2686,emerck
2687,from-al.com
2688,is-leet.com
2689,is-very-good.org
2690,jmp
2691,k12.ec
2692,k12.vi
2693,lib.wa.us
2694,nsw.au
2695,org.gy
2696,sa.gov.pl
2697,salerno.it
2698,sex.pl
2699,sos.pl
2700,turek.pl
2701,vladimir.ru
2702,walmart
2703,xn--mgbab2bd
2704,xn--o3cw4h
2705,br.it
2706,chieti.it
2707,collegefan.org
2708,com.lc
2709,ehime.jp
2710,go.it
2711,got
2712,mil.za
2713,org.et
2714,org.kp
2715,pe.leg.br
2716,qa2.com
2717,read-books.org
2718,sapporo.jp
2719,stat.no
2720,vercelli.it
2721,xn--ngbc5azd
2722,anz
2723,broker
2724,co.ca
2725,com.ug
2726,diskstation.eu
2727,dni.us
2728,dnsdojo.org
2729,familyds.org
2730,fhs.no
2731,is-very-bad.org
2732,is-very-evil.org
2733,kartuzy.pl
2734,m.se
2735,mil.cl
2736,moi
2737,naklo.pl
2738,oita.jp
2739,pay
2740,poivron.org
2741,pwc
2742,pz.it
2743,rovigo.it
2744,teo.br
2745,whoswho
2746,axa
2747,cloudns.asia
2748,cloudns.pw
2749,com.lr
2750,csc
2751,gov.ws
2752,he.cn
2753,kep.tr
2754,kr.it
2755,lotto
2756,matera.it
2757,mtn
2758,neo
2759,net.jo
2760,nuoro.it
2761,pharmacien.fr
2762,pin
2763,potenza.it
2764,przeworsk.pl
2765,sas
2766,sc.ug
2767,servebbs.org
2768,target
2769,toshiba
2770,trapani.it
2771,vic.au
2772,yokohama.jp
2773,android
2774,bialowieza.pl
2775,cloudns.eu
2776,edu.mg
2777,film.hu
2778,fr.eu.org
2779,fst.br
2780,is-a-chef.net
2781,is-not-certified.com
2782,mincom.tn
2783,miyazaki.jp
2784,monza.it
2785,nba
2786,nu.it
2787,praxi
2788,qh.cn
2789,ro.leg.br
2790,swiebodzin.pl
2791,teramo.it
2792,total
2793,video.hu
2794,web.lk
2795,zarow.pl
2796,avellino.it
2797,baby
2798,book
2799,cc.mn.us
2800,cc.va.us
2801,com.gn
2802,com.kg
2803,ddnss.org
2804,dynathome.net
2805,from-de.com
2806,from-ne.com
2807,ip6.arpa
2808,is-very-sweet.org
2809,kaszuby.pl
2810,laquila.it
2811,mil.bo
2812,mit
2813,net-freaks.com
2814,net.bs
2815,net.ms
2816,net.rw
2817,philips
2818,read
2819,reit
2820,shell
2821,simple-url.com
2822,siracusa.it
2823,square7.de
2824,synology-diskstation.de
2825,tochigi.jp
2826,vivo
2827,vs.it
2828,aomori.jp
2829,aosta.it
2830,bestbuy
2831,bmd.br
2832,citic
2833,crs
2834,edu.ci
2835,edu.kg
2836,firewall-gateway.de
2837,golffan.us
2838,gov.ms
2839,gyeonggi.kr
2840,history.museum
2841,homes
2842,iamallama.com
2843,is-uberleet.com
2844,ishikawa.jp
2845,isteingeek.de
2846,kinder
2847,law.pro
2848,living
2849,meguro.tokyo.jp
2850,mie.jp
2851,mymediapc.net
2852,ntr.br
2853,ogliastra.it
2854,opoczno.pl
2855,parliament.nz
2856,pyatigorsk.ru
2857,ragusa.it
2858,rawa-maz.pl
2859,shimane.jp
2860,starachowice.pl
2861,ternopil.ua
2862,ups
2863,wow
2864,xn--h2brj9c
2865,akita.jp
2866,buyshouses.net
2867,communications.museum
2868,draydns.de
2869,dsmynas.net
2870,enna.it
2871,from-va.com
2872,geometre-expert.fr
2873,ibm
2874,mielno.pl
2875,net.ge
2876,net.pt
2877,net.tn
2878,ntt
2879,org.sy
2880,ot.it
2881,save
2882,sc.kr
2883,shiga.jp
2884,t.se
2885,taxi.br
2886,windows
2887,xn--4gbrim
2888,ac.mw
2889,bizen.okayama.jp
2890,cc.ks.us
2891,citi
2892,edu.la
2893,est-a-la-maison.com
2894,fermo.it
2895,forum
2896,gouv.bj
2897,gov.sh
2898,gov.to
2899,is-certified.com
2900,is-very-nice.org
2901,likes-pie.com
2902,minato.tokyo.jp
2903,misconfused.org
2904,movistar
2905,nerdpol.ovh
2906,net.cy
2907,net.gn
2908,nl.eu.org
2909,nra
2910,o.se
2911,obama.fukui.jp
2912,org.kz
2913,pnc
2914,port.fr
2915,pr.leg.br
2916,prime
2917,quicksytes.com
2918,rn.leg.br
2919,rogers
2920,samsung
2921,sendai.jp
2922,storage
2923,symantec
2924,tm.pl
2925,trentino.it
2926,vc.it
2927,weber
2928,xerox
2929,xn--90a3ac
2930,xn--czrs0t
2931,agrinet.tn
2932,audi
2933,boldlygoingnowhere.org
2934,catanzaro.it
2935,eating-organic.net
2936,edu.lc
2937,fly
2938,from-az.net
2939,from-ca.com
2940,from-ga.com
2941,from-ok.com
2942,health.vn
2943,homedepot
2944,info.az
2945,itami.hyogo.jp
2946,iz.hr
2947,kg.kr
2948,matsumoto.nagano.jp
2949,mo.cn
2950,my-firewall.org
2951,nec
2952,on-aptible.com
2953,org.bs
2954,org.ee
2955,org.mv
2956,readmyblog.org
2957,rel.pl
2958,ri.it
2959,rieti.it
2960,rnrt.tn
2961,toyota
2962,voting
2963,xz.cn
2964,aid.pl
2965,autos
2966,benevento.it
2967,bi.it
2968,boo
2969,campobasso.it
2970,cba
2971,ci.it
2972,delta
2973,dlugoleka.pl
2974,dyndns-pics.com
2975,edu.bb
2976,edu.ht
2977,edu.tm
2978,fire
2979,firewall-gateway.com
2980,from-pa.com
2981,from-tn.com
2982,greta.fr
2983,hermes
2984,is-saved.org
2985,isernia.it
2986,madrid
2987,marriott
2988,meme
2989,mil.hn
2990,nemuro.hokkaido.jp
2991,net.pn
2992,nexus
2993,omega
2994,org.mn
2995,oristano.it
2996,rich
2997,safe
2998,sbs
2999,select
3000,shinagawa.tokyo.jp
3001,song
3002,swatch
3003,szczytno.pl
3004,theatre
3005,traeumtgerade.de
3006,trd.br
3007,xn--fiq228c5hs
3008,abb
3009,alibaba
3010,at-band-camp.net
3011,biz.pk
3012,brand.se
3013,cherkassy.ua
3014,com.ki
3015,dnsiskinky.com
3016,edu.kn
3017,edu.zm
3018,fedex
3019,from-la.net
3020,from-nj.com
3021,gea
3022,gov.ki
3023,gov.ml
3024,gsm.pl
3025,hdfc
3026,is-a-guru.com
3027,kalmykia.ru
3028,lidl
3029,makeup
3030,mlb
3031,mt.it
3032,nt.ro
3033,on-web.fr
3034,org.cu
3035,org.lc
3036,radio
3037,rr.leg.br
3038,sca
3039,scb
3040,schmidt
3041,sex.hu
3042,sina
3043,sony
3044,tvs
3045,viterbo.it
3046,vv.it
3047,zachpomor.pl
3048,ac.se
3049,americanexpress
3050,avianca
3051,bir.ru
3052,bolt.hu
3053,booking
3054,cc.az.us
3055,cc.oh.us
3056,cc.wy.us
3057,chase
3058,dabur
3059,discover
3060,edu.bi
3061,fan
3062,forli-cesena.it
3063,from-id.com
3064,from-oh.com
3065,from-ut.com
3066,frontier
3067,george
3068,gouv.ml
3069,gov.gn
3070,gov.pn
3071,hasura-app.io
3072,hughes
3073,int.ar
3074,is-a-chef.com
3075,ivano-frankivsk.ua
3076,knowsitall.info
3077,law.za
3078,likescandy.com
3079,mil.iq
3080,mypep.link
3081,net.bz
3082,org.az
3083,org.nr
3084,org.om
3085,org.pf
3086,pl.eu.org
3087,po.it
3088,potager.org
3089,pvt.ge
3090,ro.im
3091,rs.leg.br
3092,sener
3093,ses
3094,sew
3095,shaw
3096,sondrio.it
3097,suedtirol.it
3098,szex.hu
3099,talk
3100,to.leg.br
3101,tokushima.jp
3102,tottori.jp
3103,tw.cn
3104,ulsan.kr
3105,wed
3106,wios.gov.pl
3107,za.bz
3108,allstate
3109,arts.ro
3110,azure
3111,babia-gora.pl
3112,bbva
3113,bcn
3114,boehringer
3115,cbs
3116,com.gl
3117,com.ws
3118,dsmynas.org
3119,eu-1.evennode.com
3120,everbank
3121,fast
3122,fiat
3123,final
3124,forex
3125,forum.hu
3126,from-co.net
3127,from-ky.com
3128,from-mt.com
3129,from-sd.com
3130,gov.st
3131,gs.oslo.no
3132,huissier-justice.fr
3133,info.at
3134,is-a-rockstar.com
3135,is-gone.com
3136,jnj
3137,kagawa.jp
3138,kochi.jp
3139,kvam.no
3140,latrobe
3141,lds
3142,liaison
3143,lib.ak.us
3144,matsuyama.ehime.jp
3145,merseine.nu
3146,mil.ae
3147,nadex
3148,net.so
3149,pavia.it
3150,pb.leg.br
3151,pesarourbino.it
3152,reggio-calabria.it
3153,ril
3154,rns.tn
3155,room
3156,science.museum
3157,scrapper-site.net
3158,securitytactics.com
3159,shop.hu
3160,smile
3161,tab
3162,targi.pl
3163,xenapponazure.com
3164,yamaguchi.jp
3165,zara
3166,abogado
3167,airtel
3168,atsugi.kanagawa.jp
3169,bnl
3170,bot
3171,c.se
3172,cc.mt.us
3173,cfa
3174,chuo.yamanashi.jp
3175,cloudcontrolled.com
3176,com.im
3177,com.mu
3178,e.se
3179,edu.pf
3180,edu.pr
3181,edu.ws
3182,ferrara.it
3183,fie.ee
3184,flickr
3185,fm.it
3186,ford
3187,from-fl.com
3188,from-mi.com
3189,from-mo.com
3190,from-ms.com
3191,from-nc.com
3192,from-ny.net
3193,from-or.com
3194,from-wi.com
3195,frosinone.it
3196,gangwon.kr
3197,gov.kn
3198,honda
3199,honeywell
3200,id.ir
3201,is-a-doctor.com
3202,itabashi.tokyo.jp
3203,kobe.jp
3204,lebtimnetz.de
3205,lecce.it
3206,lib.ct.us
3207,machida.tokyo.jp
3208,metlife
3209,mil.gt
3210,mil.ni
3211,mil.py
3212,miyazaki.miyazaki.jp
3213,net.ai
3214,net.az
3215,net.ws
3216,nic.tj
3217,nike
3218,nikon
3219,og.ao
3220,oracle
3221,org.me
3222,org.sb
3223,pfizer
3224,pi.leg.br
3225,ping
3226,pro.ec
3227,pru
3228,sfr
3229,stc
3230,townnews-staging.com
3231,venice.it
3232,wolterskluwer
3233,xn--unup4y
3234,yokosuka.kanagawa.jp
3235,1kapp.com
3236,africa
3237,aig
3238,ato.br
3239,bunkyo.tokyo.jp
3240,cc.la.us
3241,cc.wa.us
3242,channel
3243,cipriani
3244,com.re
3245,com.rw
3246,com.sc
3247,dealer
3248,defense.tn
3249,edu.ms
3250,edu.sl
3251,ens.tn
3252,farmers
3253,fi.eu.org
3254,food
3255,from-pr.com
3256,from-wa.com
3257,gov.mr
3258,gov.tj
3259,guardian
3260,is-a-hard-worker.com
3261,is-a-hunter.com
3262,is-a-lawyer.com
3263,is-a-player.com
3264,is-an-actor.com
3265,joy
3266,kpmg
3267,matsuzaki.shizuoka.jp
3268,mil.jo
3269,motorcycles
3270,myactivedirectory.com
3271,mysecuritycamera.com
3272,net.ml
3273,net.mu
3274,nokia
3275,nom.za
3276,olbia-tempio.it
3277,org.lr
3278,oss
3279,ota.tokyo.jp
3280,pimienta.org
3281,pippu.hokkaido.jp
3282,po.gov.pl
3283,prof
3284,realm.cz
3285,rl.no
3286,s3-fips-us-gov-west-1.amazonaws.com
3287,schaeffler
3288,seat
3289,seika.kyoto.jp
3290,sport.hu
3291,stufftoread.com
3292,taa.it
3293,taobao
3294,tarui.gifu.jp
3295,tci
3296,teaches-yoga.com
3297,trv
3298,um.gov.pl
3299,uy.com
3300,wiw.gov.pl
3301,x.se
3302,xn--j6w193g
3303,zero
3304,aco
3305,adygeya.su
3306,aigo
3307,alt.za
3308,apps.lair.io
3309,asda
3310,bmoattachments.org
3311,boats
3312,bryne.no
3313,cancerresearch
3314,chrysler
3315,com.ms
3316,com.sh
3317,coupon
3318,cpa.pro
3319,crotone.it
3320,deloitte
3321,dupont
3322,dvr
3323,edu.dm
3324,edu.lr
3325,edu.me
3326,edu.mz
3327,eng.pro
3328,exnet.su
3329,fh.se
3330,fidelity
3331,firewall-gateway.net
3332,firmdale
3333,florence.it
3334,fukushima.fukushima.jp
3335,funabashi.chiba.jp
3336,gucci
3337,hakodate.hokkaido.jp
3338,icbc
3339,intel
3340,intuit
3341,is-a-techie.com
3342,iselect
3343,juniper
3344,kawagoe.saitama.jp
3345,koshigaya.saitama.jp
3346,leitungsen.de
3347,lib.tn.us
3348,lilly
3349,logoip.de
3350,mediocampidano.it
3351,n.se
3352,neat-url.com
3353,net.mo
3354,nhlfan.net
3355,observer
3356,org.sd
3357,org.ws
3358,otsuka
3359,pa.leg.br
3360,plo.ps
3361,pub.sa
3362,raid
3363,rj.leg.br
3364,rzgw.gov.pl
3365,sa.au
3366,saga.jp
3367,servehumour.com
3368,sharp
3369,stuff-4-sale.us
3370,thd
3371,tiffany
3372,tm.ro
3373,tm.se
3374,toyama.toyama.jp
3375,toyota.aichi.jp
3376,tr.no
3377,ug.gov.pl
3378,walter
3379,xfinity
3380,xn--1qqw23a
3381,xn--fiq64b
3382,xn--xhq521b
3383,y.se
3384,yachts
3385,zippo
3386,3.bg
3387,ac.sz
3388,aeg
3389,analytics
3390,asahikawa.hokkaido.jp
3391,asso.nc
3392,bihoro.hokkaido.jp
3393,bridgestone
3394,broadway
3395,capitalone
3396,cc.mo.us
3397,cc.pa.us
3398,chanel
3399,chigasaki.kanagawa.jp
3400,cloudns.us
3401,com.pf
3402,com.st
3403,contact
3404,couchpotatofries.org
3405,customer.enonic.io
3406,cyon.link
3407,dds
3408,dvag
3409,emiliaromagna.it
3410,enonic.io
3411,epson
3412,f.se
3413,ferrari
3414,from-hi.com
3415,from-ia.com
3416,from-me.org
3417,froya.no
3418,ftr
3419,fuji.shizuoka.jp
3420,fujisawa.kanagawa.jp
3421,fur
3422,g.se
3423,genting
3424,gov.nr
3425,homesecuritymac.com
3426,hu.net
3427,ichihara.chiba.jp
3428,ichinomiya.aichi.jp
3429,icu
3430,in.eu.org
3431,ingatlan.hu
3432,is-a-blogger.com
3433,is-a-financialadvisor.com
3434,is-a-landscaper.com
3435,is-with-theband.com
3436,kerryhotels
3437,kia
3438,kirovograd.ua
3439,kodaira.tokyo.jp
3440,koriyama.fukushima.jp
3441,lanxess
3442,lib.ne.us
3443,mckinsey
3444,mil.al
3445,mil.gh
3446,mil.lv
3447,milan.it
3448,mmafan.biz
3449,monster
3450,my-vigor.de
3451,myhome-server.de
3452,nagano.nagano.jp
3453,net.lv
3454,net.sd
3455,obuse.nagano.jp
3456,org.ac
3457,org.ag
3458,presse.ml
3459,sanofi
3460,shia
3461,statoil
3462,stuff-4-sale.org
3463,takasaki.gunma.jp
3464,tatamotors
3465,teva
3466,uk.eu.org
3467,virtual.museum
3468,viva
3469,w.se
3470,wakayama.jp
3471,washingtondc.museum
3472,wsa.gov.pl
3473,xn--l1acc
3474,xn--mgbaam7a8h
3475,xn--nqv7f
3476,yoshikawa.saitama.jp
3477,z.se
3478,4u.com
3479,ac.leg.br
3480,airbus
3481,alstom
3482,ba.leg.br
3483,bashkiria.ru
3484,bbs
3485,bbt
3486,bcg
3487,bnr.la
3488,bosch
3489,bozen.it
3490,bukhara.su
3491,carboniaiglesias.it
3492,cc.ar.us
3493,cc.id.us
3494,cfd
3495,chernovtsy.ua
3496,co.pw
3497,com.ml
3498,com.vi
3499,d.se
3500,daegu.kr
3501,dnsupdater.de
3502,est-mon-blogueur.com
3503,eu.meteorapp.com
3504,from-ct.com
3505,from-dc.com
3506,from-mn.com
3507,from-nd.com
3508,from-nh.com
3509,fujioka.gunma.jp
3510,fukuchiyama.kyoto.jp
3511,gjovik.no
3512,gmo
3513,gov.cu
3514,gov.nc.tr
3515,hm.no
3516,hokuto.yamanashi.jp
3517,hotels
3518,ifm
3519,int.vn
3520,is-a-knight.org
3521,is-an-accountant.com
3522,isa-hockeynut.com
3523,ivanovo.su
3524,jcp
3525,jeju.kr
3526,jlc
3527,jot
3528,kamakura.kanagawa.jp
3529,kofu.yamanashi.jp
3530,komatsu
3531,kurashiki.okayama.jp
3532,kurume.fukuoka.jp
3533,lib.id.us
3534,lib.mt.us
3535,lib.nd.us
3536,lib.vt.us
3537,lib.wy.us
3538,london.museum
3539,lt.ua
3540,macys
3541,mango
3542,matsudo.chiba.jp
3543,med.ly
3544,micro
3545,mobily
3546,ms.leg.br
3547,murmansk.su
3548,mydissent.net
3549,nagareyama.chiba.jp
3550,nalchik.ru
3551,nc.tr
3552,nerima.tokyo.jp
3553,net.ac
3554,net.bb
3555,net.cm
3556,net.ky
3557,net.lc
3558,net.pr
3559,net.to
3560,nfl
3561,nissay
3562,nom.pl
3563,nov.su
3564,obi
3565,ono.fukui.jp
3566,ono.hyogo.jp
3567,org.ki
3568,qld.au
3569,quest
3570,qvc
3571,ricoh
3572,sakura.chiba.jp
3573,sasayama.hyogo.jp
3574,saves-the-whales.com
3575,sc.tz
3576,schwarz
3577,sells-for-less.com
3578,servesarcasm.com
3579,shirataka.yamagata.jp
3580,soni.nara.jp
3581,staples
3582,suli.hu
3583,tunk.org
3584,twmail.cc
3585,twmail.net
3586,ube.yamaguchi.jp
3587,usuki.oita.jp
3588,xn--80ao21a
3589,xn--fjq720a
3590,xn--kpry57d
3591,yalta.ua
3592,zaporizhzhe.ua
3593,adygeya.ru
3594,amex
3595,aquarelle
3596,arab
3597,ascolipiceno.it
3598,aso.kumamoto.jp
3599,assedic.fr
3600,awdev.ca
3601,azumino.nagano.jp
3602,balashov.su
3603,bashkiria.su
3604,bauhaus
3605,beauty
3606,bentley
3607,beppu.oita.jp
3608,bms
3609,bodo.no
3610,bond
3611,boots
3612,boston
3613,bryansk.su
3614,cbn
3615,cc.ny.us
3616,chocolate.museum
3617,cloudns.in
3618,coastaldefence.museum
3619,com.ac
3620,com.ci
3621,com.mg
3622,com.tm
3623,cruise
3624,dagestan.ru
3625,deal
3626,dish
3627,dodge
3628,dray-dns.de
3629,duck
3630,dyn
3631,edu.st
3632,edu.vu
3633,erni
3634,es.leg.br
3635,est-le-patron.com
3636,etisalat
3637,for-some.biz
3638,from-ak.com
3639,from-in.com
3640,from-md.com
3641,from-nv.com
3642,fuchu.tokyo.jp
3643,fukuyama.hiroshima.jp
3644,furano.hokkaido.jp
3645,gallo
3646,godaddy
3647,goodyear
3648,grainger
3649,hair
3650,hakuba.nagano.jp
3651,hanamaki.iwate.jp
3652,hdfcbank
3653,himeji.hyogo.jp
3654,hyatt
3655,ibaraki.osaka.jp
3656,ieee
3657,ikano
3658,ikeda.fukui.jp
3659,ilovecollege.info
3660,in-the-band.net
3661,ina.nagano.jp
3662,inagi.tokyo.jp
3663,is-a-anarchist.com
3664,is-a-bookkeeper.com
3665,is-a-celticsfan.org
3666,is-a-cpa.com
3667,is-a-designer.com
3668,is-a-llama.com
3669,is-a-musician.com
3670,is-a-soxfan.org
3671,issmarterthanyou.com
3672,iwaki.fukushima.jp
3673,jan-mayen.no
3674,jeep
3675,kakegawa.shizuoka.jp
3676,kamijima.ehime.jp
3677,katsuyama.fukui.jp
3678,khmelnitskiy.ua
3679,kuji.iwate.jp
3680,kushiro.hokkaido.jp
3681,kwpsp.gov.pl
3682,lancaster
3683,lego
3684,lib.ee
3685,lib.nm.us
3686,lincoln
3687,lpl
3688,massa-carrara.it
3689,mtr
3690,myshopblocks.com
3691,nanao.ishikawa.jp
3692,naturbruksgymn.se
3693,net.gg
3694,net.ht
3695,net.je
3696,net.sc
3697,nis.za
3698,og.it
3699,org.gn
3700,org.iq
3701,org.ml
3702,org.vu
3703,otsu.shiga.jp
3704,ott
3705,p.se
3706,pioneer
3707,platformsh.site
3708,prudential
3709,psp.gov.pl
3710,redstone
3711,reliance
3712,rexroth
3713,rsvp
3714,rwe
3715,s.se
3716,sandefjord.no
3717,sapo
3718,sch.zm
3719,sellsyourhome.org
3720,sf.no
3721,shibuya.tokyo.jp
3722,shinjuku.tokyo.jp
3723,shinkamigoto.nagasaki.jp
3724,shiojiri.nagano.jp
3725,sochi.su
3726,suita.osaka.jp
3727,syno-ds.de
3728,synology-ds.de
3729,tdk
3730,tos.it
3731,toyonaka.osaka.jp
3732,tromso.no
3733,trondheim.no
3734,trysil.no
3735,tsuru.yamanashi.jp
3736,unusualperson.com
3737,utsunomiya.tochigi.jp
3738,v.bg
3739,viking
3740,virgin
3741,wtc
3742,www.ro
3743,xbox
3744,xn--5tzm5g
3745,xn--j1aef
3746,xn--pgbs0dh
3747,xn--w4r85el8fhu5dnra
3748,xn--wgbh1c
3749,yun
3750,zamami.okinawa.jp
3751,aarp
3752,abkhazia.su
3753,ac.im
3754,advisor.ws
3755,aetna
3756,alpha-myqnapcloud.com
3757,alto-adige.it
3758,amakusa.kumamoto.jp
3759,anthropology.museum
3760,arakawa.tokyo.jp
3761,arkhangelsk.su
3762,art.sn
3763,arte
3764,as.us
3765,ashikaga.tochigi.jp
3766,barrell-of-knowledge.info
3767,biz.ni
3768,blanco
3769,bloomberg
3770,bv.nl
3771,case
3772,catholic
3773,chernigov.ua
3774,chicago.museum
3775,chofu.tokyo.jp
3776,chuo.tokyo.jp
3777,citadel
3778,cloudns.info
3779,clubmed
3780,cng.br
3781,co.pn
3782,com.gp
3783,com.sn
3784,com.to
3785,compare
3786,cuisinella
3787,cyou
3788,daejeon.kr
3789,dagestan.su
3790,dtv
3791,dubai
3792,dynamic-dns.info
3793,dyndns1.de
3794,ebiz.tw
3795,edogawa.tokyo.jp
3796,edu.to
3797,erotika.hu
3798,esq
3799,fin.tn
3800,finearts.museum
3801,firm.ve
3802,for-more.biz
3803,from-ri.com
3804,from-wy.com
3805,fuettertdasnetz.de
3806,fujinomiya.shizuoka.jp
3807,fujitsu
3808,futurehosting.at
3809,fylkesbibl.no
3810,gap
3811,ggf.br
3812,gok.pk
3813,gov.ac
3814,gov.ee
3815,groks-the.info
3816,groks-this.info
3817,gs.hm.no
3818,gwangju.kr
3819,h.se
3820,hachinohe.aomori.jp
3821,hanno.saitama.jp
3822,hashbang.sh
3823,health-carereform.com
3824,higashimatsushima.miyagi.jp
3825,hirosaki.aomori.jp
3826,hkt
3827,hotel.hu
3828,hoteles
3829,htc
3830,hyundai
3831,imdb
3832,in.na
3833,info.tt
3834,int.mw
3835,int.ni
3836,int.tt
3837,is-a-conservative.com
3838,is-a-cubicle-slave.com
3839,is-a-green.com
3840,is-a-liberal.com
3841,is-a-linux-user.org
3842,is-a-nascarfan.com
3843,is-a-nurse.com
3844,is-a-painter.com
3845,is-a-socialist.com
3846,is-a-student.com
3847,is-a-therapist.com
3848,is-an-actress.com
3849,is-an-artist.com
3850,is-an-engineer.com
3851,is-into-cars.com
3852,isahaya.nagasaki.jp
3853,itv
3854,iwc
3855,izumi.kagoshima.jp
3856,jamison.museum
3857,k12.as.us
3858,kahoku.ishikawa.jp
3859,kaluga.su
3860,kanazawa.ishikawa.jp
3861,karaganda.su
3862,karelia.su
3863,katashina.gunma.jp
3864,kindle
3865,knightpoint.systems
3866,kochi.kochi.jp
3867,kpn
3868,krasnodar.su
3869,kumamoto.kumamoto.jp
3870,kurgan.su
3871,lamborghini
3872,lancia
3873,lancome
3874,linde
3875,loft
3876,lom.it
3877,lupin
3878,magentosite.cloud
3879,maibara.shiga.jp
3880,matsubara.osaka.jp
3881,mcd
3882,mcdonalds
3883,miasta.pl
3884,mil.qa
3885,mil.tr
3886,mil.tw
3887,mil.zm
3888,mishima.shizuoka.jp
3889,mopar
3890,mr.no
3891,mytis.ru
3892,nab
3893,nagaoka.niigata.jp
3894,nagara.chiba.jp
3895,name.qa
3896,nanto.toyama.jp
3897,nationwide
3898,ne.tz
3899,net.bh
3900,net.im
3901,net.ki
3902,net.me
3903,ngo.ph
3904,niigata.niigata.jp
3905,nordkapp.no
3906,noshiro.akita.jp
3907,notodden.no
3908,numazu.shizuoka.jp
3909,obninsk.su
3910,ogawa.saitama.jp
3911,oita.oita.jp
3912,omachi.nagano.jp
3913,operaunite.com
3914,org.gi
3915,org.mg
3916,org.sc
3917,org.sl
3918,org.so
3919,org.tm
3920,origins
3921,osakasayama.osaka.jp
3922,pagefrontapp.com
3923,pccw
3924,pohl
3925,progressive
3926,pvt.k12.ma.us
3927,r.se
3928,roma.museum
3929,roros.no
3930,sabae.fukui.jp
3931,sagamihara.kanagawa.jp
3932,saotome.st
3933,sch.qa
3934,sdn.gov.pl
3935,se.leg.br
3936,sells-for-u.com
3937,settsu.osaka.jp
3938,shonai.yamagata.jp
3939,si.eu.org
3940,skin
3941,sld.pa
3942,sohu
3943,square7.net
3944,state.museum
3945,static-access.net
3946,sumida.tokyo.jp
3947,suzuki
3948,tahara.aichi.jp
3949,taifun-dns.de
3950,taiwa.miyagi.jp
3951,takatsuki.osaka.jp
3952,tarama.okinawa.jp
3953,tokai.aichi.jp
3954,toshima.tokyo.jp
3955,tourism.tn
3956,toyohashi.aichi.jp
3957,tsukuba.ibaraki.jp
3958,tuscany.it
3959,ubs
3960,uryu.hokkaido.jp
3961,ushiku.ibaraki.jp
3962,utazas.hu
3963,vanguard
3964,verisign
3965,veterinaire.fr
3966,vf.no
3967,visa
3968,vladimir.su
3969,volkswagen
3970,wa.au
3971,wassamu.hokkaido.jp
3972,web.do
3973,wme
3974,xn--45q11c
3975,xn--e1a4c
3976,xn--fiqz9s
3977,xn--mgba3a4f16a.ir
3978,xn--vhquv
3979,xn--wgbl6a
3980,yamagata.yamagata.jp
3981,yamanakako.yamanashi.jp
3982,yanagawa.fukuoka.jp
3983,yoro.gifu.jp
3984,zushi.kanagawa.jp
3985,aaa.pro
3986,abiko.chiba.jp
3987,abudhabi
3988,ac.pr
3989,acct.pro
3990,adac
3991,afamilycompany
3992,aizuwakamatsu.fukushima.jp
3993,akdn
3994,akita.akita.jp
3995,al.eu.org
3996,ally
3997,altoadige.it
3998,amica
3999,aogashima.tokyo.jp
4000,aramco
4001,arita.saga.jp
4002,art.dz
4003,arts.ve
4004,ashgabad.su
4005,asso.mc
4006,association.museum
4007,at.eu.org
4008,atm.pl
4009,au.eu.org
4010,author
4011,aviation.museum
4012,ayase.kanagawa.jp
4013,bando.ibaraki.jp
4014,bar.pro
4015,baseball
4016,basketball
4017,bd.se
4018,beats
4019,bergen.no
4020,bharti
4021,blogspot.bj
4022,blogspot.cv
4023,bonn.museum
4024,bostik
4025,botanicalgarden.museum
4026,brother
4027,budapest
4028,cbg.ru
4029,cc.ne.us
4030,cc.ri.us
4031,cherkasy.ua
4032,chitose.hokkaido.jp
4033,choshi.chiba.jp
4034,chungbuk.kr
4035,circle
4036,clinique
4037,cloudns.biz
4038,cn.eu.org
4039,co.ag
4040,co.gl
4041,co.lc
4042,com.bi
4043,com.cw
4044,com.dm
4045,commbank
4046,conf.au
4047,daigo.ibaraki.jp
4048,dallas.museum
4049,database.museum
4050,diy
4051,dk.eu.org
4052,dnepropetrovsk.ua
4053,drammen.no
4054,dscloud.mobi
4055,dyn-ip24.de
4056,dynamisches-dns.de
4057,ebetsu.hokkaido.jp
4058,edu.gi
4059,edu.mw
4060,elasticbeanstalk.cn-north-1.amazonaws.com.cn
4061,elverum.no
4062,ericsson
4063,est-a-la-masion.com
4064,esurance
4065,extraspace
4066,fairwinds
4067,ferrero
4068,fhv.se
4069,field.museum
4070,firestone
4071,firm.dk
4072,flir
4073,forgot.her.name
4074,fresenius
4075,frogans
4076,from-ma.com
4077,from-nm.com
4078,from-vt.com
4079,from-wv.com
4080,fuefuki.yamanashi.jp
4081,geek
4082,ggee
4083,gifu.gifu.jp
4084,ginoza.okinawa.jp
4085,giving
4086,gjesdal.no
4087,glade
4088,goldpoint
4089,gov.as
4090,gran.no
4091,hamada.shimane.jp
4092,hamamatsu.shizuoka.jp
4093,hbo
4094,here-for-more.info
4095,heritage.museum
4096,hgtv
4097,hikone.shiga.jp
4098,hirakata.osaka.jp
4099,hiratsuka.kanagawa.jp
4100,historical.museum
4101,hk.org
4102,home-webserver.de
4103,homesecuritypc.com
4104,horten.no
4105,house.museum
4106,i.se
4107,ichikawa.chiba.jp
4108,il.eu.org
4109,inc.hk
4110,incheon.kr
4111,ind.tn
4112,indy
4113,info.tz
4114,ino.kochi.jp
4115,int.eu.org
4116,int.ve
4117,intl.tn
4118,ipiranga
4119,is-a-bruinsfan.org
4120,is-a-bulls-fan.com
4121,is-a-candidate.org
4122,is-a-caterer.com
4123,is-a-democrat.com
4124,is-a-photographer.com
4125,is-a-republican.com
4126,is-an-anarchist.com
4127,is-an-entertainer.com
4128,is-into-anime.com
4129,isa.us
4130,ishikari.hokkaido.jp
4131,izumo.shimane.jp
4132,jaguar
4133,jio
4134,joetsu.niigata.jp
4135,k12.pr.us
4136,k12.vi.us
4137,kameoka.kyoto.jp
4138,kamikawa.hyogo.jp
4139,karacol.su
4140,karuizawa.nagano.jp
4141,kazo.saitama.jp
4142,kfh
4143,kids.us
4144,kita.tokyo.jp
4145,komforb.se
4146,kommunalforbund.se
4147,kongsberg.no
4148,koshu.yamanashi.jp
4149,koya.wakayama.jp
4150,kppsp.gov.pl
4151,kunst.museum
4152,kurobe.toyama.jp
4153,kustanai.ru
4154,kviteseid.no
4155,l.se
4156,lacaixa
4157,ladbrokes
4158,land-4-sale.us
4159,lasalle
4160,lexus
4161,lib.sd.us
4162,lifestyle
4163,lixil
4164,locker
4165,lotte
4166,ltd.hk
4167,luxe
4168,lv.ua
4169,me.tz
4170,med.om
4171,meo
4172,mil.kg
4173,mil.kz
4174,mil.mz
4175,minamiizu.shizuoka.jp
4176,mint
4177,mitaka.tokyo.jp
4178,mitsubishi
4179,miyada.nagano.jp
4180,miyako.iwate.jp
4181,miyazu.kyoto.jp
4182,mls
4183,moonscale.net
4184,mormon
4185,moto
4186,mulhouse.museum
4187,mup.gov.pl
4188,museet.museum
4189,mycd.eu
4190,mymailer.com.tw
4191,myoko.niigata.jp
4192,mysecuritycamera.org
4193,nagasaki.nagasaki.jp
4194,name.eg
4195,name.pr
4196,nanbu.tottori.jp
4197,nanjo.okinawa.jp
4198,nanyo.yamagata.jp
4199,nara.nara.jp
4200,naruto.tokushima.jp
4201,ne.ug
4202,net.af
4203,net.ag
4204,net.al
4205,net.nf
4206,net.ps
4207,net.sl
4208,net.vc
4209,net.vu
4210,news.hu
4211,neyagawa.osaka.jp
4212,ngo.za
4213,nid.io
4214,nissedal.no
4215,nl.no
4216,nom.ni
4217,nom.ro
4218,nome.pt
4219,nt.au
4220,numata.gunma.jp
4221,numata.hokkaido.jp
4222,odawara.kanagawa.jp
4223,odesa.ua
4224,oirm.gov.pl
4225,onojo.fukuoka.jp
4226,onomichi.hiroshima.jp
4227,opencraft.hosting
4228,or.ci
4229,org.ai
4230,org.bi
4231,org.dm
4232,org.ht
4233,org.mu
4234,org.sn
4235,org.vc
4236,oshu.iwate.jp
4237,ota.gunma.jp
4238,otari.nagano.jp
4239,oto.fukuoka.jp
4240,ownprovider.com
4241,oxford.museum
4242,oy.lc
4243,pagespeedmobilizer.com
4244,pamperedchef
4245,pars
4246,passagens
4247,penza.su
4248,pid
4249,pirate
4250,playstation
4251,politie
4252,pr.us
4253,privatizehealthinsurance.net
4254,protonet.io
4255,psse.gov.pl
4256,pup.gov.pl
4257,ranzan.saitama.jp
4258,realestate
4259,rec.ro
4260,recht.pro
4261,reggio-emilia.it
4262,reggiocalabria.it
4263,reklam.hu
4264,rightathome
4265,rivne.ua
4266,rocher
4267,ru.eu.org
4268,rugby
4269,sakura
4270,sanjo.niigata.jp
4271,scholarships
4272,sciencecenter.museum
4273,sciencehistory.museum
4274,scjohnson
4275,scor
4276,seek
4277,seven
4278,shimonoseki.yamaguchi.jp
4279,shizukuishi.iwate.jp
4280,shriram
4281,spreadbetting
4282,st.no
4283,stada
4284,starostwo.gov.pl
4285,stavanger.no
4286,stcgroup
4287,suginami.tokyo.jp
4288,sunagawa.hokkaido.jp
4289,svalbard.no
4290,sweetpepper.org
4291,tachikawa.tokyo.jp
4292,takahashi.okayama.jp
4293,takamatsu.kagawa.jp
4294,takamori.nagano.jp
4295,takarazuka.hyogo.jp
4296,tama.tokyo.jp
4297,tamba.hyogo.jp
4298,tanabe.wakayama.jp
4299,tashkent.su
4300,tel.tr
4301,telecity
4302,tendo.yamagata.jp
4303,tjmaxx
4304,tm.hu
4305,tmall
4306,tobetsu.hokkaido.jp
4307,toda.saitama.jp
4308,tohnosho.chiba.jp
4309,tokorozawa.saitama.jp
4310,tokushima.tokushima.jp
4311,tomigusuku.okinawa.jp
4312,tonami.toyama.jp
4313,toyosato.shiga.jp
4314,tozsde.hu
4315,travelchannel
4316,tsubetsu.hokkaido.jp
4317,tsugaru.aomori.jp
4318,tui
4319,u.se
4320,uji.kyoto.jp
4321,univ.sn
4322,uozu.toyama.jp
4323,urakawa.hokkaido.jp
4324,user.party.eus
4325,uzs.gov.pl
4326,vana
4327,vang.no
4328,vi.us
4329,vibovalentia.it
4330,vig
4331,vista
4332,vologda.su
4333,volvo
4334,weibo
4335,winners
4336,writesthisblog.com
4337,xn--12cfi8ixb8l.xn--o3cw4h
4338,xn--c1avg.xn--90a3ac
4339,xn--cck2b3b
4340,xn--comunicaes-v6a2o.museum
4341,xn--efvn9s.jp
4342,xn--gckr3f0f
4343,xn--h1aegh.museum
4344,xn--node
4345,xn--nyqy26a
4346,xn--y9a3aq
4347,xn--ygbi2ammx
4348,xperia
4349,yabu.hyogo.jp
4350,yahaba.iwate.jp
4351,yamagata.nagano.jp
4352,yamaxun
4353,yokkaichi.mie.jp
4354,yoshimi.saitama.jp
4355,yufu.oita.jp
4356,yuza.yamagata.jp
4357,zappos
4358,1.bg
4359,2000.hu
4360,a.bg
4361,abarth
4362,abbvie
4363,able
4364,abo.pa
4365,ac.ni
4366,ac.tj
4367,aca.pro
4368,achi.nagano.jp
4369,act.au
4370,aero.tt
4371,afjord.no
4372,agakhan
4373,agematsu.nagano.jp
4374,aisho.shiga.jp
4375,aizumi.tokushima.jp
4376,akiruno.tokyo.jp
4377,akishima.tokyo.jp
4378,aktyubinsk.su
4379,akune.kagoshima.jp
4380,alces.network
4381,alfaromeo
4382,alipay
4383,allfinanz
4384,alpha.bounty-full.com
4385,alstahaug.no
4386,am.leg.br
4387,ama.shimane.jp
4388,amagasaki.hyogo.jp
4389,americanfamily
4390,amfam
4391,anamizu.ishikawa.jp
4392,anan.tokushima.jp
4393,anjo.aichi.jp
4394,anpachi.gifu.jp
4395,anquan
4396,ap.leg.br
4397,arida.wakayama.jp
4398,armenia.su
4399,art.do
4400,artcenter.museum
4401,asago.hyogo.jp
4402,askoy.no
4403,asnes.no
4404,asso.dz
4405,asso.eu.org
4406,asso.re
4407,atami.shizuoka.jp
4408,athleta
4409,audible
4410,auspost
4411,avocat.pro
4412,avoues.fr
4413,aya.miyazaki.jp
4414,azerbaijan.su
4415,b.se
4416,backplaneapp.io
4417,banamex
4418,bananarepublic
4419,barefoot
4420,be.eu.org
4421,beiarn.no
4422,belau.pw
4423,beta.bounty-full.com
4424,betainabox.com
4425,bg.eu.org
4426,bibai.hokkaido.jp
4427,biz.at
4428,biz.cy
4429,biz.dk
4430,biz.ki
4431,biz.nr
4432,biz.pr
4433,biz.tj
4434,biz.tt
4435,biz.zm
4436,blockbuster
4437,blogspot.cf
4438,blogspot.mr
4439,blogspot.re
4440,blogspot.td
4441,blogspot.vn
4442,bofa
4443,bounty-full.com
4444,browsersafetymark.io
4445,bugatti
4446,bungotakada.oita.jp
4447,ca.eu.org
4448,cahcesuolo.no
4449,cal.it
4450,calvinklein
4451,canada.museum
4452,caravan
4453,cargo.aero
4454,cartier
4455,caseih
4456,cbre
4457,cc.ak.us
4458,cc.as.us
4459,cc.co.us
4460,cc.ct.us
4461,cc.dc.us
4462,cc.de.us
4463,cc.gu.us
4464,cc.hi.us
4465,cc.in.us
4466,cc.ky.us
4467,cc.ma.us
4468,cc.me.us
4469,cc.nd.us
4470,cc.nh.us
4471,cc.nv.us
4472,cc.pr.us
4473,cc.sc.us
4474,cc.sd.us
4475,cc.ut.us
4476,cc.vi.us
4477,cc.vt.us
4478,cc.wi.us
4479,cc.wv.us
4480,cd.eu.org
4481,ce.leg.br
4482,certmgr.org
4483,ch.eu.org
4484,chernihiv.ua
4485,chernivtsi.ua
4486,chikushino.fukuoka.jp
4487,childrens.museum
4488,chimkent.su
4489,chintai
4490,chirurgiens-dentistes-en-france.fr
4491,chiyoda.tokyo.jp
4492,chloe
4493,chosei.chiba.jp
4494,chtr.k12.ma.us
4495,chungnam.kr
4496,chuo.fukuoka.jp
4497,city.hu
4498,cityeats
4499,civilwar.museum
4500,cloudcontrolapp.com
4501,co.bi
4502,co.krd
4503,co.st
4504,co.tj
4505,co.tm
4506,columbia.museum
4507,com.aw
4508,com.is
4509,com.mw
4510,computerhistory.museum
4511,comsec
4512,consulado.st
4513,cookingchannel
4514,coop.mw
4515,coop.tt
4516,cr.ua
4517,creditunion
4518,cryptonomic.net
4519,cupcake.is
4520,cy.eu.org
4521,cyon.site
4522,cz.eu.org
4523,daisen.akita.jp
4524,dali.museum
4525,daplie.me
4526,datsun
4527,dclk
4528,de.eu.org
4529,denmark.museum
4530,design.museum
4531,dev-myqnapcloud.com
4532,dev.static.land
4533,df.leg.br
4534,divtasvuodna.no
4535,divttasvuotna.no
4536,dnipropetrovsk.ua
4537,dnp
4538,doha
4539,dominic.ua
4540,drud.io
4541,drud.us
4542,dunlop
4543,duns
4544,dyn.cosidns.de
4545,dyn.ddnss.de
4546,dyn.home-webserver.de
4547,dyndns.ddnss.de
4548,e4.cz
4549,east-kazakhstan.su
4550,ebina.kanagawa.jp
4551,echizen.fukui.jp
4552,ed.ci
4553,ed.pw
4554,edeka
4555,edu.ac
4556,edu.eu.org
4557,edu.gl
4558,edu.kp
4559,edu.ml
4560,edu.nr
4561,edu.pn
4562,edu.rw
4563,edu.sb
4564,edu.sc
4565,edu.tj
4566,edu.vc
4567,education.museum
4568,ee.eu.org
4569,embaixada.st
4570,eniwa.hokkaido.jp
4571,epost
4572,es.eu.org
4573,esashi.hokkaido.jp
4574,est.pr
4575,ethnology.museum
4576,eurovision
4577,exit
4578,fam.pk
4579,farsund.no
4580,fbx-os.fr
4581,fedje.no
4582,fhapp.xyz
4583,fido
4584,finland.museum
4585,firm.ro
4586,fm.no
4587,foodnetwork
4588,fredrikstad.no
4589,freebox-os.com
4590,freebox-os.fr
4591,freeboxos.com
4592,friuliveneziagiulia.it
4593,frontdoor
4594,fuchu.hiroshima.jp
4595,fujimino.saitama.jp
4596,fujixerox
4597,fujiyoshida.yamanashi.jp
4598,fukaya.saitama.jp
4599,fukui.fukui.jp
4600,fukuroi.shizuoka.jp
4601,fukushima.hokkaido.jp
4602,furukawa.miyagi.jp
4603,futuremailing.at
4604,gallup
4605,games.hu
4606,gbiz
4607,georgia.su
4608,gist.githubcloud.com
4609,githubcloud.com
4610,gnu
4611,go.pw
4612,go.tj
4613,gojome.akita.jp
4614,gon.pk
4615,goodhands
4616,gotemba.shizuoka.jp
4617,gouv.km
4618,gouv.rw
4619,gov.cx
4620,gov.kp
4621,gov.sx
4622,gr.eu.org
4623,griw.gov.pl
4624,grocery
4625,grondar.za
4626,grozny.ru
4627,grozny.su
4628,gs.of.no
4629,gs.vf.no
4630,gu.us
4631,guge
4632,ha.no
4633,hachioji.tokyo.jp
4634,hadano.kanagawa.jp
4635,haibara.shizuoka.jp
4636,hakone.kanagawa.jp
4637,hakui.ishikawa.jp
4638,hammerfest.no
4639,hamura.tokyo.jp
4640,hangout
4641,happou.akita.jp
4642,haugesund.no
4643,helsinki
4644,herad.no
4645,hida.gifu.jp
4646,hidaka.hokkaido.jp
4647,higashi.okinawa.jp
4648,higashihiroshima.hiroshima.jp
4649,higashiizu.shizuoka.jp
4650,higashikagawa.kagawa.jp
4651,higashikawa.hokkaido.jp
4652,higashimatsuyama.saitama.jp
4653,higashiomi.shiga.jp
4654,hikari.yamaguchi.jp
4655,hino.tokyo.jp
4656,hinode.tokyo.jp
4657,hioki.kagoshima.jp
4658,hirado.nagasaki.jp
4659,hirono.fukushima.jp
4660,hiroo.hokkaido.jp
4661,hisamitsu
4662,hita.oita.jp
4663,hitachiota.ibaraki.jp
4664,hjelmeland.no
4665,hl.no
4666,hof.no
4667,hofu.yamaguchi.jp
4668,hole.no
4669,homegoods
4670,homelink.one
4671,homesense
4672,hotel.tz
4673,hr.eu.org
4674,hu.eu.org
4675,hyuga.miyazaki.jp
4676,hzc.io
4677,ic.gov.pl
4678,ie.eu.org
4679,iiyama.nagano.jp
4680,ikata.ehime.jp
4681,ikeda.gifu.jp
4682,ikeda.osaka.jp
4683,imamat
4684,inabe.mie.jp
4685,inazawa.aichi.jp
4686,infiniti
4687,info.au
4688,info.ht
4689,info.ki
4690,info.ni
4691,info.nr
4692,info.pk
4693,info.pr
4694,info.sd
4695,info.zm
4696,ing.pa
4697,int.ci
4698,int.pt
4699,int.rw
4700,int.tj
4701,internet-dns.de
4702,is-a-libertarian.com
4703,is-a-patsfan.org
4704,is-into-cartoons.com
4705,is-into-games.com
4706,is.eu.org
4707,is.gov.pl
4708,ishikawa.fukushima.jp
4709,isla.pr
4710,isleofman.museum
4711,ismaili
4712,it.eu.org
4713,itayanagi.aomori.jp
4714,itoigawa.niigata.jp
4715,its.me
4716,iveco
4717,iwafune.tochigi.jp
4718,iwakuni.yamaguchi.jp
4719,iwamizawa.hokkaido.jp
4720,izu.shizuoka.jp
4721,izumisano.osaka.jp
4722,jambyl.su
4723,jeonnam.kr
4724,jobs.tt
4725,jp.eu.org
4726,jpmorgan
4727,jprs
4728,jur.pro
4729,k.se
4730,k12.gu.us
4731,kafjord.no
4732,kai.yamanashi.jp
4733,kakamigahara.gifu.jp
4734,kalmykia.su
4735,kamaishi.iwate.jp
4736,kamiamakusa.kumamoto.jp
4737,kamishihoro.hokkaido.jp
4738,kamisu.ibaraki.jp
4739,kanonji.kagawa.jp
4740,kashima.ibaraki.jp
4741,kashiwara.osaka.jp
4742,kashiwazaki.niigata.jp
4743,kasugai.aichi.jp
4744,katano.osaka.jp
4745,katsushika.tokyo.jp
4746,kawaguchi.saitama.jp
4747,kazuno.akita.jp
4748,kddi
4749,kerrylogistics
4750,kerryproperties
4751,khakassia.su
4752,khmelnytskyi.ua
4753,kids.museum
4754,kikonai.hokkaido.jp
4755,kirkenes.no
4756,kishiwada.osaka.jp
4757,kiso.nagano.jp
4758,kitakata.fukushima.jp
4759,kmpsp.gov.pl
4760,knx-server.net
4761,koga.fukuoka.jp
4762,koga.ibaraki.jp
4763,komono.mie.jp
4764,komoro.nagano.jp
4765,komvux.se
4766,kongsvinger.no
4767,konsulat.gov.pl
4768,konyvelo.hu
4769,kosher
4770,kr.eu.org
4771,krym.ua
4772,kumano.hiroshima.jp
4773,kumano.mie.jp
4774,kumejima.okinawa.jp
4775,kunden.ortsinfo.at
4776,kunitachi.tokyo.jp
4777,kuokgroup
4778,kure.hiroshima.jp
4779,kuriyama.hokkaido.jp
4780,kusatsu.shiga.jp
4781,kushimoto.wakayama.jp
4782,kustanai.su
4783,kutchan.hokkaido.jp
4784,kv.ua
4785,kvafjord.no
4786,kvanangen.no
4787,kwp.gov.pl
4788,kyonan.chiba.jp
4789,kyotango.kyoto.jp
4790,l-o-g-i-n.de
4791,la-spezia.it
4792,lakas.hu
4793,lamer
4794,lanbib.se
4795,landrover
4796,larvik.no
4797,latino
4798,laz.it
4799,lefrak
4800,lenug.su
4801,lib.as.us
4802,lib.dc.us
4803,lib.gu.us
4804,lib.hi.us
4805,lib.pr.us
4806,lib.ri.us
4807,lib.vi.us
4808,lifeinsurance
4809,lillehammer.no
4810,linz.museum
4811,lipsy
4812,locus
4813,logoip.com
4814,lom.no
4815,lplfinancial
4816,lt.eu.org
4817,lu.eu.org
4818,lund.no
4819,lundbeck
4820,luster.no
4821,lv.eu.org
4822,maif
4823,makinohara.shizuoka.jp
4824,mangyshlak.su
4825,maniwa.okayama.jp
4826,marine.ru
4827,maritime.museum
4828,marshalls
4829,masaki.ehime.jp
4830,maserati
4831,mashiko.tochigi.jp
4832,matsue.shimane.jp
4833,matsumae.hokkaido.jp
4834,matsusaka.mie.jp
4835,mattel
4836,mc.eu.org
4837,me.eu.org
4838,med.pa
4839,med.sd
4840,mein-vigor.de
4841,meldal.no
4842,merckmsd
4843,mikasa.hokkaido.jp
4844,mil.eg
4845,mil.mg
4846,mil.rw
4847,mil.sh
4848,mil.st
4849,mil.sy
4850,mil.tj
4851,mil.tm
4852,mil.to
4853,mil.tz
4854,mil.vc
4855,mil.zw
4856,military.museum
4857,minami-alps.yamanashi.jp
4858,minamiashigara.kanagawa.jp
4859,minamifurano.hokkaido.jp
4860,minamiminowa.nagano.jp
4861,minamiuonuma.niigata.jp
4862,minnesota.museum
4863,mishima.fukushima.jp
4864,missoula.museum
4865,miura.kanagawa.jp
4866,miyakonojo.miyazaki.jp
4867,mk.eu.org
4868,mobi.ng
4869,mobi.tt
4870,mobi.tz
4871,molde.no
4872,monmouth.museum
4873,montblanc
4874,montreal.museum
4875,mordovia.ru
4876,mordovia.su
4877,morioka.iwate.jp
4878,moroyama.saitama.jp
4879,motoyama.kochi.jp
4880,mt.eu.org
4881,mtpc
4882,muko.kyoto.jp
4883,musashimurayama.tokyo.jp
4884,museum.om
4885,museum.tt
4886,mutual
4887,mw.gov.pl
4888,my.eu.org
4889,myfusion.cloud
4890,mykolaiv.ua
4891,mysecuritycamera.net
4892,nabari.mie.jp
4893,naganohara.gunma.jp
4894,nagi.okayama.jp
4895,nago.okinawa.jp
4896,naha.okinawa.jp
4897,naie.hokkaido.jp
4898,naka.hiroshima.jp
4899,naka.ibaraki.jp
4900,nakagawa.nagano.jp
4901,nakagusuku.okinawa.jp
4902,nakai.kanagawa.jp
4903,nakama.fukuoka.jp
4904,nakano.nagano.jp
4905,nakasatsunai.hokkaido.jp
4906,nalchik.su
4907,name.cy
4908,name.jo
4909,name.tj
4910,name.tt
4911,nanbu.yamanashi.jp
4912,nanporo.hokkaido.jp
4913,nantan.kyoto.jp
4914,natori.miyagi.jp
4915,naturalsciences.museum
4916,navigation.aero
4917,navoi.su
4918,ne.pw
4919,net.bm
4920,net.bt
4921,net.ci
4922,net.cw
4923,net.dm
4924,net.gl
4925,net.hn
4926,net.kz
4927,net.lk
4928,net.mw
4929,net.sh
4930,net.st
4931,net.tj
4932,net.tm
4933,net.uz
4934,net.vi
4935,net.zm
4936,netbank
4937,newholland
4938,nextdirect
4939,ng.eu.org
4940,nhk
4941,nichinan.tottori.jp
4942,niimi.okayama.jp
4943,niiza.saitama.jp
4944,nirasaki.yamanashi.jp
4945,nishiizu.shizuoka.jp
4946,nissan
4947,no.eu.org
4948,noda.chiba.jp
4949,nogata.fukuoka.jp
4950,nom.ag
4951,nom.mg
4952,nom.pa
4953,nom.re
4954,nom.tm
4955,nomi.ishikawa.jp
4956,nord-fron.no
4957,north-kazakhstan.su
4958,northwesternmutual
4959,nose.osaka.jp
4960,nowruz
4961,nowtv
4962,nyc.mn
4963,nz.eu.org
4964,obihiro.hokkaido.jp
4965,obu.aichi.jp
4966,odate.akita.jp
4967,of.no
4968,oga.akita.jp
4969,ogaki.gifu.jp
4970,ogori.fukuoka.jp
4971,oguni.yamagata.jp
4972,ohi.fukui.jp
4973,ohira.miyagi.jp
4974,ohkura.yamagata.jp
4975,oirase.aomori.jp
4976,okazaki.aichi.jp
4977,okinawa.okinawa.jp
4978,okinoshima.shimane.jp
4979,okuizumo.shimane.jp
4980,ol.no
4981,olayan
4982,olayangroup
4983,olbiatempio.it
4984,oldnavy
4985,ollo
4986,omaezaki.shizuoka.jp
4987,ome.tokyo.jp
4988,onagawa.miyagi.jp
4989,onjuku.chiba.jp
4990,online.museum
4991,onyourside
4992,or.bi
4993,or.mu
4994,or.pw
4995,ora.gunma.jp
4996,oregon.museum
4997,org.ci
4998,org.is
4999,org.lk
5000,org.ms
5001,org.pn
5002,org.sh
5003,org.st
5004,org.tj
5005,org.to
5006,org.uz
5007,org.vi
5008,orientexpress
5009,os.hedmark.no
5010,osaki.miyagi.jp
5011,otaki.chiba.jp
5012,oum.gov.pl
5013,oyamazaki.kyoto.jp
5014,ozora.hokkaido.jp
5015,ozu.kumamoto.jp
5016,pa.gov.pl
5017,palace.museum
5018,panasonic
5019,panerai
5020,paris.eu.org
5021,parliament.cy
5022,paroch.k12.ma.us
5023,parti.se
5024,pb.ao
5025,perso.sn
5026,perso.tn
5027,pgfog.com
5028,phd
5029,piaget
5030,pinb.gov.pl
5031,piw.gov.pl
5032,pokrovsk.su
5033,pp.az
5034,pramerica
5035,prd.mg
5036,press.se
5037,principe.st
5038,priv.hu
5039,pro.om
5040,pro.pr
5041,pro.tt
5042,prof.pr
5043,pt.eu.org
5044,ptplus.fit
5045,publ.pt
5046,publishproxy.com
5047,q-a.eu.org
5048,r.bg
5049,rackmaze.com
5050,rackmaze.net
5051,rakkestad.no
5052,realestate.pl
5053,rec.ve
5054,redumbrella
5055,reg.dk
5056,remotewd.com
5057,richardli
5058,rifu.miyagi.jp
5059,rikuzentakata.iwate.jp
5060,ringerike.no
5061,rmit
5062,ro.eu.org
5063,rochester.museum
5064,rome.it
5065,router.management
5066,safety
5067,saka.hiroshima.jp
5068,sakata.yamagata.jp
5069,saku.nagano.jp
5070,samsclub
5071,sandvikcoromant
5072,sano.tochigi.jp
5073,sanuki.kagawa.jp
5074,sardinia.it
5075,saroma.hokkaido.jp
5076,sb.ua
5077,sch.jo
5078,sch.ly
5079,school.na
5080,se.eu.org
5081,sec.ps
5082,seirou.niigata.jp
5083,sekigahara.gifu.jp
5084,sekikawa.niigata.jp
5085,selje.no
5086,semboku.akita.jp
5087,setagaya.tokyo.jp
5088,seto.aichi.jp
5089,sevastopol.ua
5090,shangrila
5091,shari.hokkaido.jp
5092,shiftedit.io
5093,shikabe.hokkaido.jp
5094,shikokuchuo.ehime.jp
5095,shimokawa.hokkaido.jp
5096,shingu.fukuoka.jp
5097,shinjo.okayama.jp
5098,shinjo.yamagata.jp
5099,shinonsen.hyogo.jp
5100,shinshiro.aichi.jp
5101,shirakawa.fukushima.jp
5102,shisui.chiba.jp
5103,shizuoka.shizuoka.jp
5104,shobara.hiroshima.jp
5105,shop.ro
5106,shouji
5107,showtime
5108,sicily.it
5109,sigdal.no
5110,silk
5111,sites.static.land
5112,sk.eu.org
5113,ski.no
5114,skien.no
5115,skjak.no
5116,sko.gov.pl
5117,sld.do
5118,sling
5119,sncf
5120,softbank
5121,soka.saitama.jp
5122,sola.no
5123,soma.fukushima.jp
5124,sorfold.no
5125,space.museum
5126,spacekit.io
5127,spiegel
5128,ssl.origin.cdn77-secure.org
5129,stackspace.space
5130,starhub
5131,statebank
5132,statefarm
5133,static.land
5134,stockholm
5135,stord.no
5136,store.dk
5137,store.st
5138,store.ve
5139,storj.farm
5140,sula.no
5141,susono.shizuoka.jp
5142,suzaka.nagano.jp
5143,suzuka.mie.jp
5144,swiftcover
5145,t3l3p0rt.net
5146,tachiarai.fukuoka.jp
5147,tadaoka.osaka.jp
5148,tagami.niigata.jp
5149,taiki.hokkaido.jp
5150,tainai.niigata.jp
5151,taito.tokyo.jp
5152,tajimi.gifu.jp
5153,takamori.kumamoto.jp
5154,takasu.hokkaido.jp
5155,taketa.oita.jp
5156,taketomi.okinawa.jp
5157,takino.hyogo.jp
5158,tamano.okayama.jp
5159,tas.au
5160,tatebayashi.gunma.jp
5161,tateyama.chiba.jp
5162,tatsuno.nagano.jp
5163,tele.amune.org
5164,temasek
5165,termez.su
5166,test.tj
5167,tiaa
5168,time.no
5169,tinn.no
5170,tjx
5171,tkmaxx
5172,tm.mc
5173,tm.mg
5174,tm.za
5175,tochigi.tochigi.jp
5176,tochio.niigata.jp
5177,togliatti.su
5178,tokoname.aichi.jp
5179,tome.miyagi.jp
5180,tomi.nagano.jp
5181,tondabayashi.osaka.jp
5182,tonosho.kagawa.jp
5183,tonsberg.no
5184,toray
5185,tourism.pl
5186,toyako.hokkaido.jp
5187,toyono.osaka.jp
5188,tozawa.yamagata.jp
5189,tr.eu.org
5190,trana.no
5191,travel.tt
5192,travelers
5193,travelersinsurance
5194,trentino-s-tirol.it
5195,trentinoaltoadige.it
5196,trentinosudtirol.it
5197,troandin.no
5198,trogstad.no
5199,troitsk.su
5200,tselinograd.su
5201,tsubata.ishikawa.jp
5202,tsukigata.hokkaido.jp
5203,tsuruga.fukui.jp
5204,tsuruta.aomori.jp
5205,tsuyama.okayama.jp
5206,tunes
5207,turen.tn
5208,tushu
5209,tuva.su
5210,tv.sd
5211,tv.tz
5212,tvedestrand.no
5213,tydal.no
5214,tynset.no
5215,tysfjord.no
5216,tysnes.no
5217,tysvar.no
5218,ubank
5219,uconnect
5220,ueda.nagano.jp
5221,uenohara.yamanashi.jp
5222,ugim.gov.pl
5223,ukiha.fukuoka.jp
5224,ullensaker.no
5225,ullensvang.no
5226,ulvik.no
5227,umi.fukuoka.jp
5228,umig.gov.pl
5229,unicom
5230,university.museum
5231,uonuma.niigata.jp
5232,upow.gov.pl
5233,uppo.gov.pl
5234,us-1.evennode.com
5235,us.eu.org
5236,us.gov.pl
5237,usa.oita.jp
5238,utashinai.hokkaido.jp
5239,utsira.no
5240,va.no
5241,vaapste.no
5242,vadso.no
5243,vaga.no
5244,vagan.no
5245,vagsoy.no
5246,vaksdal.no
5247,valer.hedmark.no
5248,valer.ostfold.no
5249,valle.no
5250,vanylven.no
5251,vapor.cloud
5252,vardo.no
5253,varggat.no
5254,varoy.no
5255,vefsn.no
5256,vega.no
5257,vegarshei.no
5258,vennesla.no
5259,verdal.no
5260,verran.no
5261,vestby.no
5262,vestnes.no
5263,vestre-slidre.no
5264,vestre-toten.no
5265,vestvagoy.no
5266,vevelstad.no
5267,vik.no
5268,vindafjord.no
5269,vinnytsia.ua
5270,virtueeldomein.nl
5271,vistaprint
5272,vladikavkaz.ru
5273,vladikavkaz.su
5274,voagat.no
5275,volda.no
5276,voss.no
5277,vuelos
5278,wakayama.wakayama.jp
5279,wakkanai.hokkaido.jp
5280,wanggou
5281,warman
5282,watches
5283,wazuka.kyoto.jp
5284,weatherchannel
5285,web.co
5286,web.ni
5287,web.tj
5288,wellbeingzone.co.uk
5289,wellbeingzone.eu
5290,wif.gov.pl
5291,wiih.gov.pl
5292,winb.gov.pl
5293,witd.gov.pl
5294,woodside
5295,wskr.gov.pl
5296,wuoz.gov.pl
5297,wzmiuw.gov.pl
5298,xihuan
5299,xn--1ck2e1b
5300,xn--42c2d9a
5301,xn--bck1b9a5dre4c
5302,xn--d1at.xn--90a3ac
5303,xn--efvy88h
5304,xn--fzc2c9e2c
5305,xn--kprw13d
5306,xn--lgbbat1ad8j
5307,xn--mgbayh7gpa
5308,xn--mgbb9fbpob
5309,xn--mgberp4a5d4ar
5310,xn--mgbi4ecexp
5311,xn--zfr164b
5312,yaese.okinawa.jp
5313,yamagata.gifu.jp
5314,yamanashi.yamanashi.jp
5315,yame.fukuoka.jp
5316,yasuoka.nagano.jp
5317,ybo.faith
5318,ybo.party
5319,ybo.review
5320,ybo.science
5321,ybo.trade
5322,yodobashi
5323,yoichi.hokkaido.jp
5324,yoka.hyogo.jp
5325,yombo.me
5326,yonezawa.yamagata.jp
5327,yosemite.museum
5328,yoshino.nara.jp
5329,yugawara.kanagawa.jp
5330,zaporizhzhia.ua
5331,zhytomyr.ua
5332,zoology.museum
5333,zp.gov.pl
5334,zuerich
